/*M!999999\- enable the sandbox mode */ 
-- MariaDB dump 10.19-11.7.2-MariaDB, for Linux (x86_64)
--
-- Host: localhost    Database: simulacion
-- ------------------------------------------------------
-- Server version	11.7.2-MariaDB

/*!40101 SET @OLD_CHARACTER_SET_CLIENT=@@CHARACTER_SET_CLIENT */;
/*!40101 SET @OLD_CHARACTER_SET_RESULTS=@@CHARACTER_SET_RESULTS */;
/*!40101 SET @OLD_COLLATION_CONNECTION=@@COLLATION_CONNECTION */;
/*!40101 SET NAMES utf8mb4 */;
/*!40103 SET @OLD_TIME_ZONE=@@TIME_ZONE */;
/*!40103 SET TIME_ZONE='+00:00' */;
/*!40014 SET @OLD_UNIQUE_CHECKS=@@UNIQUE_CHECKS, UNIQUE_CHECKS=0 */;
/*!40014 SET @OLD_FOREIGN_KEY_CHECKS=@@FOREIGN_KEY_CHECKS, FOREIGN_KEY_CHECKS=0 */;
/*!40101 SET @OLD_SQL_MODE=@@SQL_MODE, SQL_MODE='NO_AUTO_VALUE_ON_ZERO' */;
/*M!100616 SET @OLD_NOTE_VERBOSITY=@@NOTE_VERBOSITY, NOTE_VERBOSITY=0 */;

--
-- Table structure for table `banco_imagenes`
--

DROP TABLE IF EXISTS `banco_imagenes`;
/*!40101 SET @saved_cs_client     = @@character_set_client */;
/*!40101 SET character_set_client = utf8mb4 */;
CREATE TABLE `banco_imagenes` (
  `codigo_imagen` int(11) NOT NULL,
  `ruta` varchar(80) DEFAULT NULL,
  PRIMARY KEY (`codigo_imagen`)
) ENGINE=InnoDB DEFAULT CHARSET=utf8mb4 COLLATE=utf8mb4_unicode_ci;
/*!40101 SET character_set_client = @saved_cs_client */;

--
-- Dumping data for table `banco_imagenes`
--

LOCK TABLES `banco_imagenes` WRITE;
/*!40000 ALTER TABLE `banco_imagenes` DISABLE KEYS */;
INSERT INTO `banco_imagenes` VALUES
(1,'NULL'),
(2,'null'),
(3,'null'),
(4,'null'),
(5,'null'),
(6,'/static/img/sp-18.png'),
(7,'NULL'),
(8,'NULL'),
(9,'NULL'),
(10,'NULL'),
(11,'NULL'),
(12,'/static/img/sp-33.png'),
(13,'NULL'),
(14,'NULL'),
(15,'NULL'),
(16,'NULL'),
(17,'NULL'),
(18,'NULL'),
(19,'NULL'),
(20,'NULL'),
(21,'NULL'),
(22,'NULL'),
(23,'NULL'),
(24,'NULL'),
(25,'NULL'),
(26,'NULL'),
(27,'NULL'),
(28,'NULL'),
(29,'NULL'),
(30,'NULL'),
(31,'NULL'),
(32,'NULL'),
(33,'NULL'),
(34,'NULL'),
(35,'NULL'),
(36,'NULL'),
(37,'NULL'),
(38,'NULL'),
(39,'/static/img/sr-25.png'),
(40,'/static/img/sr-25a.png'),
(41,'/static/img/sr-24.png'),
(42,'/static/img/sr-22.png'),
(43,'/static/img/sr-26.png'),
(44,'NULL'),
(45,'NULL'),
(46,'NULL'),
(47,'NULL'),
(48,'NULL'),
(49,'NULL'),
(50,'NULL');
/*!40000 ALTER TABLE `banco_imagenes` ENABLE KEYS */;
UNLOCK TABLES;

--
-- Table structure for table `estudiante`
--

DROP TABLE IF EXISTS `estudiante`;
/*!40101 SET @saved_cs_client     = @@character_set_client */;
/*!40101 SET character_set_client = utf8mb4 */;
CREATE TABLE `estudiante` (
  `matricula` bigint(20) NOT NULL AUTO_INCREMENT,
  `nombre` varchar(30) DEFAULT NULL,
  `paterno` varchar(30) DEFAULT NULL,
  `materno` varchar(30) DEFAULT NULL,
  `email` varchar(100) DEFAULT NULL,
  `telefono` bigint(20) DEFAULT NULL,
  `contrasena` varchar(255) DEFAULT NULL,
  PRIMARY KEY (`matricula`)
) ENGINE=InnoDB AUTO_INCREMENT=20230040 DEFAULT CHARSET=utf8mb4 COLLATE=utf8mb4_unicode_ci;
/*!40101 SET character_set_client = @saved_cs_client */;

--
-- Dumping data for table `estudiante`
--

LOCK TABLES `estudiante` WRITE;
/*!40000 ALTER TABLE `estudiante` DISABLE KEYS */;
INSERT INTO `estudiante` VALUES
(20230001,'Juan','Pérez','López','juan@example.com',8441230001,'1234'),
(20230002,'Ana','Ramírez','Santos','ana@example.com',8441230002,'1234'),
(20230003,'Luis','Gómez','Martínez','luis@example.com',8441230003,'1234'),
(20230004,'Sofía','Díaz','Vega','sofia@example.com',8441230004,'1234'),
(20230005,'Carlos','Hernández','Ruiz','carlos@example.com',8441230005,'1234'),
(20230006,'ejemplo','apellidoeejemplo','otravez','aaaa@example.com',8440000000,'0000'),
(20230007,'cecilio','sanchez','hernandez','cecilio@example.com',8441044850,'scrypt:32768:8:1$Ri1E16i3InimTxxK$7e9dcce87d92dd084e9a1b7cd38c79b87776242099dfffcaac61ad8eb77b623e7427e4c61c35841c1e842e326cff28e3c23d062a9b01cc87b39069948df90c9a'),
(20230008,'ana','sofia','castillo','anasofi@example.com',8888888888,'scrypt:32768:8:1$gLirBzRXHStTH9EQ$b9793e7ef22acf6e8a0c18be2534939c85277943011905c927373e06e1b404f2ff3f47a8cb871252f8a6ac6ae97628115bc074c541b45310bcc6054e86d18204'),
(20230009,'Erick','Agustin','castillo','Ecas@example.com',8446754183,'scrypt:32768:8:1$Qf9RFfHy1JKkYok9$aa37d2d1469b945e0acb269bc89a3cbec4c4ef83a49e039b620337eaa564393cbcb5487aacb8be648eae8981a5634b04b97b5f8940f371dbfeffa4c6814b8179'),
(20230010,'qwe','asd','zxc','zxc@example.com',1,'scrypt:32768:8:1$HsjKt8EhrLRFy8gf$a23e62ddfde6334692b7bd43f7524249ef4ffbe378b14270ddf4daaf2f8053a72bd5fbbe7b171f5ac281e5c622ba77840ecedf8482b9a99fdda1d18d77686d01'),
(20230011,'prueba2','prueba2','prueba2','prueba2@example.com',77777777,'scrypt:32768:8:1$N7mK8u3K4iptXAyU$d03c3862c40bc0cdd123514abeefd90ae1d449e9b93b54dcc06ce0e36e297dba201fe00a87a5bc4d2ce5c0a2e4b3c6bf4057793504649912699a963a1d5758a0'),
(20230012,'ejemplo','apellidoeejemplo','otravez','aaaa@example.com',8440000000,'0000'),
(20230013,'ejemplo','apellidoeejemplo','otravez','aaaa@example.com',8440000000,'0000'),
(20230014,'ejemplo','apellidoeejemplo','otravez','aaaa@example.com',8440000000,'0000'),
(20230015,'prueba3','prueba3','prueba3','prueba3@example.com',8888888888,'scrypt:32768:8:1$01kO67PL7IQ7kKSo$176ca8973c1b1c8bf39f162e3eb590f9c800ce1ee8de16b47a044d3f78c86899c875ee527e0b5d07e4f8aaa76fa43450db64dd80e428c581685ee6682a116ede'),
(20230016,'prueba4','prueba4','prueba4','prueba4@example.com',9999999999,'scrypt:32768:8:1$BKisKt6bKACEmQWZ$9903bcc1d46d894269cd88df67b93df6c1b9ad1d30fdf30d05f560b891d3df365ea37ad165c1a4be25e898c4bead21a4e51098c5dbd86d58d9aa9be5a56c894f'),
(20230017,'prueba5','prueba5','prueba5','prueba5@example',4444444,'scrypt:32768:8:1$slzMYtY8v5UwMnL6$e3e28a197693d3b89a120bfbac09c92812914fafffde61c09d123926abc3309eedf5d6b60ac61f4000164eb3830ec9930562cfbce9e3b8eae6690c71272243f1'),
(20230018,'prueba6','prueba6','prueba6','prueba6@example.com',6666666666,'scrypt:32768:8:1$ajcmgW21g7lx5Bt2$772080f10bfec80b76a6cdf5aa0aa94b5678073ec493582d8581ad8b508b060dcf903dca360cddcfe5ec2e7b84c5ab889241f4e09457e9284ee77b9c9c2144a8'),
(20230019,'aaa','aaa','aaa','prueba20@example.com',5555555555,'scrypt:32768:8:1$fvf6h1iptjy3DQpE$f052f04e66e95e9e2d56a98fdb6024bf5845e7d691ff4316dfbb8eda78c5d1e09dcae103118270f92d2871c3e0a72631e0e2ba46c7e39d8405248e594a66bb83'),
(20230020,'Fabiola','Urías','Nava','dhenriquez@example.net',9936012545,'1234'),
(20230021,'Aldonza','Tello','Galarza','marco-antonio99@example.com',7934094114,'1234'),
(20230022,'César','Torres','Ulloa','laura22@example.net',7183188031,'1234'),
(20230023,'Magdalena','Briones','Cepeda','jesus62@example.net',3096775604,'1234'),
(20230024,'Frida','Jiménez','Botello','franciscacordova@example.net',6446300591,'1234'),
(20230025,'Débora','Villanueva','Alvarado','fcedillo@example.net',9031673917,'1234'),
(20230026,'Lorenzo','Méndez','Benavídez','gilberto10@example.net',6602123607,'1234'),
(20230027,'Claudio','Sisneros','Collazo','marcelafrias@example.com',2345381871,'1234'),
(20230028,'Magdalena','Sarabia','Arreola','marisolzarate@example.com',2963731814,'1234'),
(20230029,'Mariano','Camacho','Bétancourt','german57@example.net',5689015623,'1234'),
(20230030,'Bruno','Abrego','Carranza','fridapadron@example.com',8753582168,'scrypt:32768:8:1$h433MtW0iWbjouuR$ad2bf3e928956813c72cbe6f424be0876a075b8cc3a43d0f3fd4c19c68a2e68f6b724e7b46890eb36c860967141f64fdb5e853b4caeaebbd5c1fe66e50cca1ff'),
(20230031,'Abraham','Noriega','de León','bramirez@example.org',2382143297,'scrypt:32768:8:1$d4BAKbF79WIzqxEW$ff891c24b7287924cc544f4b49f69463a710c2f3177b6b1c921dd2793a10e6f5fd52ad1a1ecce7c710b45ddb4ebbb3550ba624df075cc64413f52eaf0a34b313'),
(20230032,'Julio César','Ferrer','de Jesús','teodoro64@example.net',1013422992,'scrypt:32768:8:1$oOfP8T2npsYynepb$37c98d38b3c9ff3ff82daca16ea93f47e49e09476a1dda2f695fbd490ceac06bdaf207a53b5c8bbdd416a6d824ee2c95f7986cb57d6da351392f85cb77ee668e'),
(20230033,'Olivia','Meza','Velasco','salma76@example.com',530368931,'scrypt:32768:8:1$YaZxHFv2WFyq0x54$7cb547b4a0afe5947bf16fe0b904521a1d2b3cbdcdfe5dbb38ff178657c630f862566c68f016dd9bf2d74eda233b922d9da4127f5efbc7d7636e518c5e99318a'),
(20230034,'Vicente','Covarrubias','Leyva','rmaldonado@example.com',1682901420,'scrypt:32768:8:1$YPp5KRXvWNTm41Fb$29f18f300cf71a5f7c8946d252a26f68bd6f1c828536bb023c17bd99a9e5d3489dd1273ecc3c9ac6786a93d9d7f49f71b60fd6291e0b15caae0df54b792d7654'),
(20230035,'Wilfrido','Covarrubias','Gómez','aterrazas@example.net',6049925429,'scrypt:32768:8:1$pa4GwE2nvuSVuH2K$07f4643df00abcd2ed60d02373bb23808a6a32f771f2c2be7ffddfd241e57c8d6271d3387d7075e9954006dd5183c30873f46fbad1d1760e007aa9852213cc36'),
(20230036,'Elsa','Aguayo','Gaytán','vmonroy@example.com',9804493034,'scrypt:32768:8:1$S7OpLB4Gq1uv9FoO$761f3b6d095e6df0ff93ae173a2e521209e0d3987219d0b9b37e352ce1a4fb9b832394fcb41bebe2c60b37a1cfeeaee4abaec47443abd5382906ade02c2ff272'),
(20230037,'Claudia','Gaytán','Gollum','eloy87@example.com',4226418842,'scrypt:32768:8:1$XmgxB8MzKRv3QuKm$4bdf6b4d21d541a544dfe919a440df45680a2d2ca5b94d8dad88d44d97f2bf84ff70d54209bdc2f98163cb0cd5ed6c73a7ae3d8ac64408d452768e0f06710c46'),
(20230038,'Estela','Soliz','Miramontes','rmadera@example.com',3211858325,'scrypt:32768:8:1$R0DZrjy6HSjJen66$fbed8ad4860271799b92e32cf750a00ce31d8fa6c36777d9eaffec67b56757a84c58a2478720b9b9cc1cb2a1de03e81ab3715de5ccceac145124124ea9f3b88b'),
(20230039,'Yeni','Tejeda','Miramontes','valenzuelasonia@example.org',9848097514,'scrypt:32768:8:1$rQvDJQ8POLNZ7utH$223c83635d4c0f998d0a2289362be32e0443ac79f94cc1373827e84897ec013586d71d14d8c4afe86ba8eba0e200716eee4229cdac65239de891ac9b313dd84d');
/*!40000 ALTER TABLE `estudiante` ENABLE KEYS */;
UNLOCK TABLES;

--
-- Table structure for table `examen_estudiante`
--

DROP TABLE IF EXISTS `examen_estudiante`;
/*!40101 SET @saved_cs_client     = @@character_set_client */;
/*!40101 SET character_set_client = utf8mb4 */;
CREATE TABLE `examen_estudiante` (
  `id_seleccion` int(11) NOT NULL AUTO_INCREMENT,
  `id_pregunta` int(11) DEFAULT NULL,
  `matricula` bigint(20) DEFAULT NULL,
  `respuesta` varchar(255) DEFAULT NULL,
  `id_record` int(11) DEFAULT NULL,
  `id_respuesta` int(11) DEFAULT NULL,
  PRIMARY KEY (`id_seleccion`),
  KEY `id_pregunta` (`id_pregunta`),
  KEY `matricula` (`matricula`),
  CONSTRAINT `examen_estudiante_ibfk_1` FOREIGN KEY (`id_pregunta`) REFERENCES `preguntas` (`id_pregunta`),
  CONSTRAINT `examen_estudiante_ibfk_2` FOREIGN KEY (`matricula`) REFERENCES `estudiante` (`matricula`)
) ENGINE=InnoDB AUTO_INCREMENT=2922 DEFAULT CHARSET=utf8mb4 COLLATE=utf8mb4_unicode_ci;
/*!40101 SET character_set_client = @saved_cs_client */;

--
-- Dumping data for table `examen_estudiante`
--

LOCK TABLES `examen_estudiante` WRITE;
/*!40000 ALTER TABLE `examen_estudiante` DISABLE KEYS */;
INSERT INTO `examen_estudiante` VALUES
(1,24,20230018,'La factura del vehículo.',17,69),
(2,18,20230019,'Proponer que cada conductor se haga cargo de los daños de vehículo y retirarse.',18,52),
(3,14,20230019,'Desde que empiece a oscurecer, de noche, o cuando no haya suficiente visibilidad en el día.',18,40),
(4,37,20230019,'El conductor.',18,108),
(5,46,20230019,'Dependiendo la cantidad de tráfico vehicular.',18,135),
(6,45,20230019,'Solicitar la corrección en la Secretaría de Comunicaciones y Transportes.',18,132),
(7,1,20230019,'Encender las luces.',18,1),
(8,42,20230019,'No hay extinguidor.',18,123),
(9,7,20230019,'Legal para no estresarse.',18,19),
(10,27,20230019,'Menores de doce años.',18,78),
(11,26,20230019,'Cuatro metros.',18,75),
(12,22,20230019,'Sí.',18,64),
(13,47,20230019,'Educación.',18,138),
(14,39,20230019,'Prohibido girar a la izquierda.',18,114),
(15,40,20230019,'Prohibido girar a la izquierda.',18,117),
(16,11,20230019,'Alto total.',18,31),
(17,23,20230019,'Sí, siempre y cuando el conductor no consuma bebidas alcohólicas.',18,66),
(18,9,20230019,'El conductor con licencia y tarjeta de circulación.',18,25),
(19,6,20230019,'Disminuir velocidad.',18,16),
(20,28,20230019,'Bajar la velocidad.',18,81),
(21,13,20230019,'Verificar niveles, llantas y espejos.',18,37),
(22,36,20230019,'En las aceras, camellones, puentes y en la entrada de vehículos de casas particulares.',19,105),
(23,40,20230019,'Prohibido girar a la izquierda.',19,117),
(24,30,20230019,'20 kilómetros por hora.',19,87),
(25,31,20230019,'No.',19,90),
(26,29,20230019,'40 Kilómetros por hora.',19,84),
(27,44,20230019,'Cuándo esté lloviendo.',19,129),
(28,7,20230019,'Legal para no estresarse.',19,19),
(29,32,20230019,'La que resulte necesaria.',19,93),
(30,38,20230019,'Peatones.',19,111),
(31,47,20230019,'Educación.',19,138),
(32,25,20230019,'Cuando olvide colocarlas en mi vehículo.',19,72),
(33,41,20230019,'Seguir de frente.',19,120),
(34,5,20230019,'a) Si es o transporta persona con discapacidad.',19,13),
(35,13,20230019,'Verificar niveles, llantas y espejos.',19,37),
(36,17,20230019,'Orillarse y usar su unidad para detener el tráfico vehicular.',19,49),
(37,10,20230019,'Informativas del destino.',19,28),
(38,22,20230019,'Sí.',19,64),
(39,15,20230019,'Rótulos, carteles u objetos que obstruyan la visibilidad y vidrios polarizados.',19,43),
(40,33,20230019,'20 centímetros.',19,96),
(41,34,20230019,'Con freno de mano y las llantas en sentido inverso a la acera.',19,99),
(42,20,20230019,'Verde: vía libre para el conductor respetando los límites de velocidad establecidos. Rojo: Alto total. Ámbar: precaución ya que está próximo a cambiar el semáforo en rojo.',19,58),
(43,46,20230019,'Dependiendo la cantidad de tráfico vehicular.',19,135),
(44,3,20230019,'a) Abuso de autoridad.',19,7),
(45,48,20230019,'Transitar en el lado opuesto de la circulación',19,141),
(46,4,20230019,'a) Bajar la velocidad.',19,10),
(47,9,20230019,'El conductor con licencia y tarjeta de circulación.',19,25),
(48,18,20230019,'Proponer que cada conductor se haga cargo de los daños de vehículo y retirarse.',19,52),
(49,6,20230019,'Disminuir velocidad.',19,16),
(50,27,20230019,'Menores de doce años.',19,78),
(51,50,20230019,'Cierto.',19,147),
(52,24,20230019,'La factura del vehículo.',19,69),
(53,14,20230019,'Desde que empiece a oscurecer, de noche, o cuando no haya suficiente visibilidad en el día.',19,40),
(54,37,20230019,'El conductor.',19,108),
(55,42,20230019,'No hay extinguidor.',19,123),
(56,39,20230019,'Prohibido girar a la izquierda.',19,114),
(57,28,20230019,'Bajar la velocidad.',19,81),
(58,8,20230019,'Intransferibles que identifican al vehículo.',19,22),
(59,12,20230019,'Desviación.',19,34),
(60,43,20230019,'No hay extinguidor.',19,126),
(61,35,20230019,'Con freno de mano y las ruedas delanteras en posición inversa a la acera.',19,102),
(62,25,20230020,'Cuando olvide colocarlas en mi vehículo.',20,72),
(63,6,20230020,'Circulación en doble sentido.',20,18),
(64,40,20230020,'Prohibido girar a la izquierda.',20,117),
(65,8,20230020,'Intransferibles que identifican al vehículo.',20,22),
(66,15,20230020,'Rótulos, carteles u objetos que obstruyan la visibilidad y vidrios polarizados.',20,43),
(67,3,20230020,'c) Infracción y delito.',20,9),
(68,29,20230020,'20 Kilómetros por hora.',20,86),
(69,23,20230020,'Sí, siempre y cuando el consumo no rebase los límites del alcoholímetro.',20,68),
(70,2,20230020,'a) En el asiento trasero.',20,4),
(71,35,20230020,'Con freno de mano y las llantas en el mismo sentido de la acera.',20,103),
(72,14,20230020,'Desde que empieza a circular.',20,41),
(73,46,20230020,'La pavimentada. ',20,136),
(74,47,20230020,'Es una obligación señalada en el artículo 132 del Reglamento de la Ley de Comunicaciones y Transportes en Materia de Transporte Público y Privado.',20,139),
(75,10,20230020,'Informativas del destino.',20,28),
(76,24,20230020,'El formato RVS07 que se expide en las delegaciones de la SECTE.',20,71),
(77,22,20230020,'No.',20,65),
(78,17,20230020,'Orillarse y usar su unidad para detener el tráfico vehicular.',20,49),
(79,21,20230020,'Preventivas, restrictivas e informativas.',20,61),
(80,49,20230020,'Peatones.',20,144),
(81,36,20230020,'En estacionamientos.',20,106),
(82,23,20230020,'Sí, siempre y cuando el conductor no consuma bebidas alcohólicas.',21,66),
(83,34,20230020,'Con freno de mano y las llantas en dirección al sentido de la circulación de la calle.',21,101),
(84,6,20230020,'No estacionarse.',21,17),
(85,1,20230020,'Encender las luces.',21,1),
(86,41,20230020,'Sin estacionamiento.',21,121),
(87,45,20230020,'Entregar la tarjeta al oficial y recibir la infracción.',21,133),
(88,19,20230020,'Placa, tarjeta de circulación o licencia de conducir. Solo una de estas tres.',21,57),
(89,21,20230020,'Para transporte público y privado.',21,63),
(90,28,20230020,'Bajar la velocidad.',21,81),
(91,2,20230020,'b) En el asiento delantero.',21,5),
(92,33,20230020,'Una distancia prudente.',21,98),
(93,38,20230020,'Vehículos.',21,112),
(94,31,20230020,'Sí, salvo que exista señalamiento que indique lo contrario.',21,92),
(95,9,20230020,'El agente de tránsito y el conductor.',21,26),
(96,20,20230020,'Verde: vía libre para el conductor respetando los límites de velocidad establecidos. Rojo: Alto total. Ámbar: precaución ya que está próximo a cambiar el semáforo en rojo.',21,58),
(97,17,20230020,'Seguir su marcha, salvo que las autoridades que estén presentes en el lugar del accidente, soliciten su apoyo.',21,51),
(98,30,20230020,'30 Kilómetros por hora.',21,88),
(99,10,20230020,'Informativas del destino.',21,28),
(100,27,20230020,'Ninguno.',21,80),
(101,36,20230020,'En zonas de parquímetros.',21,107),
(102,49,20230020,'Vehículos particulares.',21,146),
(103,43,20230020,'Sin lugares, pase al siguiente estacionamiento.',21,127),
(104,18,20230020,'Llamar al seguro y dirigirse a la agencia.',21,54),
(105,24,20230020,'La factura del vehículo.',21,69),
(106,46,20230020,'Dependiendo la cantidad de tráfico vehicular.',21,135),
(107,5,20230020,'b) Si es el único espacio disponible.',21,14),
(108,22,20230020,'Sí.',21,64),
(109,39,20230020,'Obras en proceso de construcción.',21,116),
(110,47,20230020,'De caballerosidad para ceder el paso a las mujeres.',21,140),
(111,11,20230020,'Zona de hospitales.',21,33),
(112,16,20230020,'Cuartos delanteros de luz ámbar y traseros de luz roja.',21,47),
(113,50,20230020,'Cierto.',21,147),
(114,48,20230020,'Circular por la extrema derecha de la vía respetando la formación de vehículos en tránsito sin colocarse entre dos de ellos.',21,142),
(115,29,20230020,'40 Kilómetros por hora.',21,84),
(116,37,20230020,'Conductor y acompañante de asiento delantero.',21,110),
(117,25,20230020,'Salvo causa justificada que acredite con el documento idóneo.',21,73),
(118,26,20230020,'Cuatro metros.',21,75),
(119,42,20230020,'Prohibido estacionarse.',21,125),
(120,35,20230020,'Con freno de mano y las llantas en dirección al sentido de la circulación de la calle.',21,104),
(121,13,20230020,'Vestiduras, extinguidor y aire acondicionado.',21,39),
(122,40,20230021,'Prohibido girar a la izquierda.',22,117),
(123,30,20230021,'20 kilómetros por hora.',22,87),
(124,25,20230021,'Cuando olvide colocarlas en mi vehículo.',22,72),
(125,42,20230021,'Prohibido estacionarse.',22,125),
(126,45,20230021,'El vehículo será remitido al corralón autorizado y lo pondrá a disposición de la autoridad competente.',22,134),
(127,24,20230021,'El formato RVS07 que se expide en las delegaciones de la SECTE.',22,71),
(128,31,20230021,'Si.',22,91),
(129,34,20230021,'Con freno de mano y las llantas en dirección al sentido de la circulación de la calle.',22,101),
(130,1,20230021,'Encender las luces.',22,1),
(131,18,20230021,'Llamar al seguro y dirigirse a la agencia.',22,54),
(132,21,20230021,'Preventivas, restrictivas e informativas.',22,61),
(133,17,20230021,'Orillarse y usar su unidad para detener el tráfico vehicular.',22,49),
(134,16,20230021,'Sirenas, faros rojos, torretas, luces blancas o aditamentos exclusivos de unidades destinadas a la seguridad pública.',22,46),
(135,43,20230021,'No hay extinguidor.',22,126),
(136,50,20230021,'Falso.',22,148),
(137,32,20230021,'10 metros.',22,94),
(138,39,20230021,'Prohibido girar a la izquierda.',22,114),
(139,33,20230021,'La que permita la maniobra de estacionamiento.',22,97),
(140,38,20230021,'Peatones.',22,111),
(141,13,20230021,'Vestiduras, extinguidor y aire acondicionado.',22,39),
(142,16,20230021,'Sirenas, faros rojos, torretas, luces blancas o aditamentos exclusivos de unidades destinadas a la seguridad pública.',23,46),
(143,47,20230021,'Es una obligación señalada en el artículo 132 del Reglamento de la Ley de Comunicaciones y Transportes en Materia de Transporte Público y Privado.',23,139),
(144,40,20230021,'Glorieta con retorno.',23,119),
(145,34,20230021,'Con freno de mano y las ruedas delanteras dirigidas hacia la acera.',23,100),
(146,22,20230021,'Sí.',23,64),
(147,39,20230021,'Obras en proceso de construcción.',23,116),
(148,4,20230021,'b) Acelera y pasar primero.',23,11),
(149,27,20230021,'Ninguno.',23,80),
(150,49,20230021,'Personas de la tercera edad.',23,145),
(151,14,20230021,'Desde que empieza a circular.',23,41),
(152,12,20230021,'Zona escolar.',23,36),
(153,5,20230021,'c) Si se estaciona sólo por unos cuantos minutos.',23,15),
(154,30,20230021,'30 Kilómetros por hora.',23,88),
(155,45,20230021,'Entregar la tarjeta al oficial y recibir la infracción.',23,133),
(156,32,20230021,'10 metros.',23,94),
(157,37,20230021,'El conductor.',23,108),
(158,44,20230021,'Cuando un tren en marcha se encuentre aproximadamente a doscientos metros del cruce o emita una señal audible.',23,130),
(159,15,20230021,'Chip de REPUVE.',23,45),
(160,1,20230021,'Colocarse el cinturón de seguridad.',23,2),
(161,11,20230021,'Alto total.',23,31),
(162,16,20230021,'Cuartos delanteros de luz ámbar y traseros de luz roja.',24,47),
(163,4,20230021,'b) Acelera y pasar primero.',24,11),
(164,31,20230021,'No.',24,90),
(165,37,20230021,'Todos los que viajen en el auto.',24,109),
(166,32,20230021,'Una cuarta parte de la longitud de la calle.',24,95),
(167,18,20230021,'Tratar de llegar a un acuerdo y en caso negativo, acompañar a la autoridad ante el Agente del Ministerio Público y los vehículos serán remitidos al corralón autorizado.',24,53),
(168,14,20230021,'Desde que empieza a circular.',24,41),
(169,9,20230021,'El conductor con licencia y tarjeta de circulación.',24,25),
(170,5,20230021,'a) Si es o transporta persona con discapacidad.',24,13),
(171,41,20230021,'Seguir de frente.',24,120),
(172,47,20230021,'Es una obligación señalada en el artículo 132 del Reglamento de la Ley de Comunicaciones y Transportes en Materia de Transporte Público y Privado.',24,139),
(173,25,20230021,'Salvo causa justificada que acredite con el documento idóneo.',24,73),
(174,30,20230021,'Variable dependiendo las indicaciones del agente de tránsito.',24,89),
(175,23,20230021,'Sí, siempre y cuando el consumo no rebase los límites del alcoholímetro.',24,68),
(176,13,20230021,'Verificar niveles, llantas y espejos.',24,37),
(177,1,20230021,'Colocarse el cinturón de seguridad.',24,2),
(178,29,20230021,'60 Kilómetros por hora.',24,85),
(179,39,20230021,'Prohibido dar vuelta en “U”.',24,115),
(180,21,20230021,'Para transporte público y privado.',24,63),
(181,27,20230021,'Menores de doce años.',24,78),
(182,5,20230021,'c) Si se estaciona sólo por unos cuantos minutos.',25,15),
(183,38,20230021,'Grúas.',25,113),
(184,34,20230021,'Con freno de mano y las ruedas delanteras dirigidas hacia la acera.',25,100),
(185,6,20230021,'No estacionarse.',25,17),
(186,44,20230021,'En días inhábiles.',25,131),
(187,32,20230021,'La que resulte necesaria.',25,93),
(188,22,20230021,'Sí.',25,64),
(189,19,20230021,'Placa, tarjeta de circulación o licencia de conducir. Solo una de estas tres.',25,57),
(190,37,20230021,'Todos los que viajen en el auto.',25,109),
(191,13,20230021,'Amortiguadores, radio, calefacción.',25,38),
(192,31,20230021,'Si.',25,91),
(193,20,20230021,'Luz verde permitir el paso a los peatones, si no hay quien cruce la calle me puedo pasar. Luz roja alto total y si no hay peatones también me puedo pasar.',25,60),
(194,15,20230021,'Propaganda política que te identifique con algún partido político.',25,44),
(195,39,20230021,'Prohibido girar a la izquierda.',25,114),
(196,50,20230021,'Cierto.',25,147),
(197,10,20230021,'Preventivas.',25,29),
(198,35,20230021,'Con freno de mano y las ruedas delanteras en posición inversa a la acera.',25,102),
(199,4,20230021,'a) Bajar la velocidad.',25,10),
(200,26,20230021,'Cuatro metros.',25,75),
(201,30,20230021,'Variable dependiendo las indicaciones del agente de tránsito.',25,89),
(202,14,20230021,'Desde que empieza a circular.',25,41),
(203,21,20230021,'Escolares, turísticas y comerciales.',25,62),
(204,33,20230021,'20 centímetros.',25,96),
(205,46,20230021,'La de terracería.',25,137),
(206,29,20230021,'20 Kilómetros por hora.',25,86),
(207,9,20230021,'El conductor con licencia y tarjeta de circulación.',25,25),
(208,17,20230021,'Si observa que uno de los implicados se aleja a alta velocidad, deberá tomar fotografía con su teléfono celular de las placas.',25,50),
(209,25,20230021,'Salvo causa justificada que acredite con el documento idóneo.',25,73),
(210,11,20230021,'Zona de hospitales.',25,33),
(211,2,20230021,'a) En el asiento trasero.',25,4),
(212,36,20230021,'En las aceras, camellones, puentes y en la entrada de vehículos de casas particulares.',25,105),
(213,7,20230021,'Causa de detención del vehículo.',25,21),
(214,40,20230021,'Glorieta con retorno.',25,119),
(215,28,20230021,'Aumentar la velocidad.',25,83),
(216,45,20230021,'El vehículo será remitido al corralón autorizado y lo pondrá a disposición de la autoridad competente.',25,134),
(217,49,20230021,'Vehículos particulares.',25,146),
(218,48,20230021,'Circular por la extrema derecha de la vía respetando la formación de vehículos en tránsito sin colocarse entre dos de ellos.',25,142),
(219,47,20230021,'Educación.',25,138),
(220,1,20230021,'Colocarse el cinturón de seguridad.',25,2),
(221,12,20230021,'Zona escolar.',25,36),
(222,5,20230022,'c) Si se estaciona sólo por unos cuantos minutos.',26,15),
(223,49,20230022,'Personas de la tercera edad.',26,145),
(224,18,20230022,'Tratar de llegar a un acuerdo y en caso negativo, acompañar a la autoridad ante el Agente del Ministerio Público y los vehículos serán remitidos al corralón autorizado.',26,53),
(225,41,20230022,'Seguir de frente.',26,120),
(226,1,20230022,'Colocarse el cinturón de seguridad.',26,2),
(227,7,20230022,'Infracción a las normas de vialidad.',26,20),
(228,20,20230022,'Luz verde permitir el paso a los peatones, si no hay quien cruce la calle me puedo pasar. Luz roja alto total y si no hay peatones también me puedo pasar.',26,60),
(229,37,20230022,'Todos los que viajen en el auto.',26,109),
(230,2,20230022,'a) En el asiento trasero.',26,4),
(231,34,20230022,'Con freno de mano y las llantas en sentido inverso a la acera.',26,99),
(232,17,20230022,'Seguir su marcha, salvo que las autoridades que estén presentes en el lugar del accidente, soliciten su apoyo.',26,51),
(233,50,20230022,'Cierto.',26,147),
(234,4,20230022,'a) Bajar la velocidad.',26,10),
(235,35,20230022,'Con freno de mano y las llantas en el mismo sentido de la acera.',26,103),
(236,3,20230022,'a) Abuso de autoridad.',26,7),
(237,19,20230022,'Credencial del INE y placa delantera.',26,55),
(238,29,20230022,'20 Kilómetros por hora.',26,86),
(239,43,20230022,'No hay extinguidor.',26,126),
(240,6,20230022,'No estacionarse.',26,17),
(241,25,20230022,'En ningún caso.',26,74),
(242,48,20230022,'Transitar en el lado opuesto de la circulación',27,141),
(243,25,20230022,'Cuando olvide colocarlas en mi vehículo.',27,72),
(244,34,20230022,'Con freno de mano y las llantas en sentido inverso a la acera.',27,99),
(245,10,20230022,'Informativas del destino.',27,28),
(246,8,20230022,'Se requieren para pago de refrendo.',27,23),
(247,20,20230022,'Verde en máxima velocidad y rojo bajar la velocidad. La luz amarilla dependerá del horario del día.',27,59),
(248,33,20230022,'La que permita la maniobra de estacionamiento.',27,97),
(249,22,20230022,'Sí.',27,64),
(250,31,20230022,'No.',27,90),
(251,18,20230022,'Proponer que cada conductor se haga cargo de los daños de vehículo y retirarse.',27,52),
(252,28,20230022,'Mantener la misma velocidad.',27,82),
(253,23,20230022,'Sí, siempre y cuando el conductor no consuma bebidas alcohólicas.',27,66),
(254,38,20230022,'Grúas.',27,113),
(255,5,20230022,'c) Si se estaciona sólo por unos cuantos minutos.',27,15),
(256,27,20230022,'Adultos mayores de 65 años.',27,79),
(257,3,20230022,'c) Infracción y delito.',27,9),
(258,29,20230022,'40 Kilómetros por hora.',27,84),
(259,32,20230022,'10 metros.',27,94),
(260,12,20230022,'Desviación.',27,34),
(261,14,20230022,'Desde que empiece a oscurecer, de noche, o cuando no haya suficiente visibilidad en el día.',27,40),
(262,19,20230022,'Placa, tarjeta de circulación o licencia de conducir. Solo una de estas tres.',28,57),
(263,21,20230022,'Para transporte público y privado.',28,63),
(264,48,20230022,'Transitar en el lado opuesto de la circulación',28,141),
(265,16,20230022,'Cuartos delanteros de luz ámbar y traseros de luz roja.',28,47),
(266,9,20230022,'Únicamente el agente vial y deberá acercarse por el lado del conductor portando casco y gafete de identificación.',28,27),
(267,2,20230022,'b) En el asiento delantero.',28,5),
(268,46,20230022,'La pavimentada. ',28,136),
(269,41,20230022,'Seguir de frente.',28,120),
(270,6,20230022,'Disminuir velocidad.',28,16),
(271,30,20230022,'Variable dependiendo las indicaciones del agente de tránsito.',28,89),
(272,34,20230022,'Con freno de mano y las llantas en dirección al sentido de la circulación de la calle.',28,101),
(273,7,20230022,'Infracción a las normas de vialidad.',28,20),
(274,24,20230022,'El formato RVS07 que se expide en las delegaciones de la SECTE.',28,71),
(275,39,20230022,'Prohibido girar a la izquierda.',28,114),
(276,28,20230022,'Mantener la misma velocidad.',28,82),
(277,20,20230022,'Verde en máxima velocidad y rojo bajar la velocidad. La luz amarilla dependerá del horario del día.',28,59),
(278,43,20230022,'Prohibido avanzar.',28,128),
(279,25,20230022,'Cuando olvide colocarlas en mi vehículo.',28,72),
(280,22,20230022,'No.',28,65),
(281,40,20230022,'Glorieta con retorno.',28,119),
(282,17,20230022,'Orillarse y usar su unidad para detener el tráfico vehicular.',29,49),
(283,1,20230022,'Activar la alarma.',29,3),
(284,27,20230022,'Adultos mayores de 65 años.',29,79),
(285,41,20230022,'Prohibido doblar a la izquierda.',29,122),
(286,42,20230022,'Sin lugares, pase al siguiente estacionamiento.',29,124),
(287,32,20230022,'Una cuarta parte de la longitud de la calle.',29,95),
(288,13,20230022,'Amortiguadores, radio, calefacción.',29,38),
(289,31,20230022,'No.',29,90),
(290,4,20230022,'b) Acelera y pasar primero.',29,11),
(291,43,20230022,'No hay extinguidor.',29,126),
(292,33,20230022,'Una distancia prudente.',29,98),
(293,36,20230022,'En las aceras, camellones, puentes y en la entrada de vehículos de casas particulares.',29,105),
(294,44,20230022,'Cuándo esté lloviendo.',29,129),
(295,20,20230022,'Verde en máxima velocidad y rojo bajar la velocidad. La luz amarilla dependerá del horario del día.',29,59),
(296,29,20230022,'20 Kilómetros por hora.',29,86),
(297,46,20230022,'Dependiendo la cantidad de tráfico vehicular.',29,135),
(298,6,20230022,'Circulación en doble sentido.',29,18),
(299,16,20230022,'Sirenas, faros rojos, torretas, luces blancas o aditamentos exclusivos de unidades destinadas a la seguridad pública.',29,46),
(300,19,20230022,'Dos placas, tarjeta de circulación y licencia.',29,56),
(301,34,20230022,'Con freno de mano y las ruedas delanteras dirigidas hacia la acera.',29,100),
(302,3,20230022,'a) Abuso de autoridad.',30,7),
(303,46,20230022,'La pavimentada. ',30,136),
(304,23,20230022,'No, conductor y acompañantes deben abstenerse de consumir bebidas alcohólicas.',30,67),
(305,41,20230022,'Sin estacionamiento.',30,121),
(306,13,20230022,'Verificar niveles, llantas y espejos.',30,37),
(307,22,20230022,'Sí.',30,64),
(308,15,20230022,'Propaganda política que te identifique con algún partido político.',30,44),
(309,17,20230022,'Seguir su marcha, salvo que las autoridades que estén presentes en el lugar del accidente, soliciten su apoyo.',30,51),
(310,26,20230022,'Cuatro metros.',30,75),
(311,10,20230022,'Informativas del destino.',30,28),
(312,6,20230022,'No estacionarse.',30,17),
(313,32,20230022,'10 metros.',30,94),
(314,1,20230022,'Encender las luces.',30,1),
(315,2,20230022,'c) En la cajuela.',30,6),
(316,7,20230022,'Infracción a las normas de vialidad.',30,20),
(317,21,20230022,'Preventivas, restrictivas e informativas.',30,61),
(318,27,20230022,'Ninguno.',30,80),
(319,42,20230022,'No hay extinguidor.',30,123),
(320,19,20230022,'Dos placas, tarjeta de circulación y licencia.',30,56),
(321,49,20230022,'Vehículos particulares.',30,146),
(322,40,20230022,'Prohibido dar vuelta en “U”.',31,118),
(323,34,20230022,'Con freno de mano y las llantas en dirección al sentido de la circulación de la calle.',31,101),
(324,7,20230022,'Causa de detención del vehículo.',31,21),
(325,20,20230022,'Verde: vía libre para el conductor respetando los límites de velocidad establecidos. Rojo: Alto total. Ámbar: precaución ya que está próximo a cambiar el semáforo en rojo.',31,58),
(326,11,20230022,'Zona de hospitales.',31,33),
(327,32,20230022,'La que resulte necesaria.',31,93),
(328,47,20230022,'De caballerosidad para ceder el paso a las mujeres.',31,140),
(329,42,20230022,'Prohibido estacionarse.',31,125),
(330,43,20230022,'Sin lugares, pase al siguiente estacionamiento.',31,127),
(331,39,20230022,'Obras en proceso de construcción.',31,116),
(332,18,20230022,'Tratar de llegar a un acuerdo y en caso negativo, acompañar a la autoridad ante el Agente del Ministerio Público y los vehículos serán remitidos al corralón autorizado.',31,53),
(333,50,20230022,'Falso.',31,148),
(334,15,20230022,'Rótulos, carteles u objetos que obstruyan la visibilidad y vidrios polarizados.',31,43),
(335,37,20230022,'El conductor.',31,108),
(336,44,20230022,'Cuándo esté lloviendo.',31,129),
(337,33,20230022,'20 centímetros.',31,96),
(338,16,20230022,'Sirenas, faros rojos, torretas, luces blancas o aditamentos exclusivos de unidades destinadas a la seguridad pública.',31,46),
(339,31,20230022,'Sí, salvo que exista señalamiento que indique lo contrario.',31,92),
(340,3,20230022,'c) Infracción y delito.',31,9),
(341,4,20230022,'a) Bajar la velocidad.',31,10),
(342,13,20230022,'Verificar niveles, llantas y espejos.',31,37),
(343,30,20230022,'Variable dependiendo las indicaciones del agente de tránsito.',31,89),
(344,35,20230022,'Con freno de mano y las ruedas delanteras en posición inversa a la acera.',31,102),
(345,1,20230022,'Activar la alarma.',31,3),
(346,28,20230022,'Mantener la misma velocidad.',31,82),
(347,23,20230022,'Sí, siempre y cuando el conductor no consuma bebidas alcohólicas.',31,66),
(348,2,20230022,'b) En el asiento delantero.',31,5),
(349,22,20230022,'No.',31,65),
(350,21,20230022,'Preventivas, restrictivas e informativas.',31,61),
(351,9,20230022,'El agente de tránsito y el conductor.',31,26),
(352,6,20230022,'No estacionarse.',31,17),
(353,10,20230022,'Informativas del destino.',31,28),
(354,17,20230022,'Seguir su marcha, salvo que las autoridades que estén presentes en el lugar del accidente, soliciten su apoyo.',31,51),
(355,26,20230022,'Un metro.',31,76),
(356,27,20230022,'Menores de doce años.',31,78),
(357,46,20230022,'Dependiendo la cantidad de tráfico vehicular.',31,135),
(358,5,20230022,'a) Si es o transporta persona con discapacidad.',31,13),
(359,12,20230022,'Desviación.',31,34),
(360,29,20230022,'20 Kilómetros por hora.',31,86),
(361,45,20230022,'El vehículo será remitido al corralón autorizado y lo pondrá a disposición de la autoridad competente.',31,134),
(362,46,20230022,'Dependiendo la cantidad de tráfico vehicular.',32,135),
(363,22,20230022,'Sí.',32,64),
(364,32,20230022,'La que resulte necesaria.',32,93),
(365,13,20230022,'Verificar niveles, llantas y espejos.',32,37),
(366,29,20230022,'20 Kilómetros por hora.',32,86),
(367,27,20230022,'Menores de doce años.',32,78),
(368,39,20230022,'Prohibido dar vuelta en “U”.',32,115),
(369,2,20230022,'c) En la cajuela.',32,6),
(370,21,20230022,'Escolares, turísticas y comerciales.',32,62),
(371,26,20230022,'Un metro.',32,76),
(372,50,20230022,'Cierto.',32,147),
(373,24,20230022,'La tarjeta de circulación.',32,70),
(374,25,20230022,'Salvo causa justificada que acredite con el documento idóneo.',32,73),
(375,9,20230022,'Únicamente el agente vial y deberá acercarse por el lado del conductor portando casco y gafete de identificación.',32,27),
(376,49,20230022,'Personas de la tercera edad.',32,145),
(377,48,20230022,'Utilizar ambos carriles y circular de forma paralela con los vehículos.',32,143),
(378,20,20230022,'Luz verde permitir el paso a los peatones, si no hay quien cruce la calle me puedo pasar. Luz roja alto total y si no hay peatones también me puedo pasar.',32,60),
(379,47,20230022,'Es una obligación señalada en el artículo 132 del Reglamento de la Ley de Comunicaciones y Transportes en Materia de Transporte Público y Privado.',32,139),
(380,12,20230022,'Vuelta continúa.',32,35),
(381,18,20230022,'Tratar de llegar a un acuerdo y en caso negativo, acompañar a la autoridad ante el Agente del Ministerio Público y los vehículos serán remitidos al corralón autorizado.',32,53),
(382,30,20230022,'Variable dependiendo las indicaciones del agente de tránsito.',32,89),
(383,42,20230022,'Prohibido estacionarse.',32,125),
(384,34,20230022,'Con freno de mano y las llantas en dirección al sentido de la circulación de la calle.',32,101),
(385,15,20230022,'Chip de REPUVE.',32,45),
(386,31,20230022,'No.',32,90),
(387,38,20230022,'Vehículos.',32,112),
(388,33,20230022,'20 centímetros.',32,96),
(389,36,20230022,'En estacionamientos.',32,106),
(390,3,20230022,'c) Infracción y delito.',32,9),
(391,40,20230022,'Prohibido girar a la izquierda.',32,117),
(392,41,20230022,'Seguir de frente.',32,120),
(393,17,20230022,'Si observa que uno de los implicados se aleja a alta velocidad, deberá tomar fotografía con su teléfono celular de las placas.',32,50),
(394,4,20230022,'c) Permitirle el paso, colocarse en el extremo de la vialidad y hacer alto total.',32,12),
(395,28,20230022,'Mantener la misma velocidad.',32,82),
(396,16,20230022,'Cuartos delanteros de luz ámbar y traseros de luz roja.',32,47),
(397,44,20230022,'En días inhábiles.',32,131),
(398,45,20230022,'Solicitar la corrección en la Secretaría de Comunicaciones y Transportes.',32,132),
(399,14,20230022,'Cuando circule por intersecciones.',32,42),
(400,11,20230022,'Preventiva.',32,32),
(401,7,20230022,'Causa de detención del vehículo.',32,21),
(402,4,20230022,'b) Acelera y pasar primero.',33,11),
(403,9,20230022,'Únicamente el agente vial y deberá acercarse por el lado del conductor portando casco y gafete de identificación.',33,27),
(404,6,20230022,'No estacionarse.',33,17),
(405,2,20230022,'b) En el asiento delantero.',33,5),
(406,44,20230022,'En días inhábiles.',33,131),
(407,50,20230022,'Cierto.',33,147),
(408,16,20230022,'Claxon cuya potencia no lastime los oídos de los transeúntes y conductores.',33,48),
(409,21,20230022,'Escolares, turísticas y comerciales.',33,62),
(410,25,20230022,'Cuando olvide colocarlas en mi vehículo.',33,72),
(411,47,20230022,'Es una obligación señalada en el artículo 132 del Reglamento de la Ley de Comunicaciones y Transportes en Materia de Transporte Público y Privado.',33,139),
(412,40,20230022,'Prohibido dar vuelta en “U”.',33,118),
(413,45,20230022,'Solicitar la corrección en la Secretaría de Comunicaciones y Transportes.',33,132),
(414,17,20230022,'Si observa que uno de los implicados se aleja a alta velocidad, deberá tomar fotografía con su teléfono celular de las placas.',33,50),
(415,14,20230022,'Cuando circule por intersecciones.',33,42),
(416,12,20230022,'Zona escolar.',33,36),
(417,39,20230022,'Prohibido girar a la izquierda.',33,114),
(418,35,20230022,'Con freno de mano y las llantas en el mismo sentido de la acera.',33,103),
(419,26,20230022,'La suficiente para que ingrese un vehículo si busca rebasarme.',33,77),
(420,18,20230022,'Proponer que cada conductor se haga cargo de los daños de vehículo y retirarse.',33,52),
(421,33,20230022,'20 centímetros.',33,96),
(422,31,20230022,'Sí, salvo que exista señalamiento que indique lo contrario.',33,92),
(423,8,20230022,'Intransferibles que identifican al vehículo.',33,22),
(424,11,20230022,'Zona de hospitales.',33,33),
(425,30,20230022,'20 kilómetros por hora.',33,87),
(426,49,20230022,'Vehículos particulares.',33,146),
(427,1,20230022,'Colocarse el cinturón de seguridad.',33,2),
(428,13,20230022,'Vestiduras, extinguidor y aire acondicionado.',33,39),
(429,36,20230022,'En estacionamientos.',33,106),
(430,27,20230022,'Ninguno.',33,80),
(431,3,20230022,'a) Abuso de autoridad.',33,7),
(432,15,20230022,'Chip de REPUVE.',33,45),
(433,23,20230022,'Sí, siempre y cuando el conductor no consuma bebidas alcohólicas.',33,66),
(434,46,20230022,'La de terracería.',33,137),
(435,34,20230022,'Con freno de mano y las llantas en sentido inverso a la acera.',33,99),
(436,20,20230022,'Verde en máxima velocidad y rojo bajar la velocidad. La luz amarilla dependerá del horario del día.',33,59),
(437,29,20230022,'60 Kilómetros por hora.',33,85),
(438,42,20230022,'Sin lugares, pase al siguiente estacionamiento.',33,124),
(439,22,20230022,'No.',33,65),
(440,24,20230022,'La tarjeta de circulación.',33,70),
(441,38,20230022,'Vehículos.',33,112),
(442,16,20230023,'Cuartos delanteros de luz ámbar y traseros de luz roja.',34,47),
(443,44,20230023,'Cuando un tren en marcha se encuentre aproximadamente a doscientos metros del cruce o emita una señal audible.',34,130),
(444,8,20230023,'Para obtención de licencia.',34,24),
(445,32,20230023,'La que resulte necesaria.',34,93),
(446,7,20230023,'Legal para no estresarse.',34,19),
(447,2,20230023,'a) En el asiento trasero.',34,4),
(448,29,20230023,'60 Kilómetros por hora.',34,85),
(449,30,20230023,'30 Kilómetros por hora.',34,88),
(450,18,20230023,'Llamar al seguro y dirigirse a la agencia.',34,54),
(451,21,20230023,'Preventivas, restrictivas e informativas.',34,61),
(452,11,20230023,'Alto total.',34,31),
(453,46,20230023,'Dependiendo la cantidad de tráfico vehicular.',34,135),
(454,48,20230023,'Circular por la extrema derecha de la vía respetando la formación de vehículos en tránsito sin colocarse entre dos de ellos.',34,142),
(455,3,20230023,'c) Infracción y delito.',34,9),
(456,24,20230023,'El formato RVS07 que se expide en las delegaciones de la SECTE.',34,71),
(457,33,20230023,'La que permita la maniobra de estacionamiento.',34,97),
(458,17,20230023,'Si observa que uno de los implicados se aleja a alta velocidad, deberá tomar fotografía con su teléfono celular de las placas.',34,50),
(459,10,20230023,'Informativas del destino.',34,28),
(460,9,20230023,'El conductor con licencia y tarjeta de circulación.',34,25),
(461,25,20230023,'Cuando olvide colocarlas en mi vehículo.',34,72),
(462,21,20230023,'Escolares, turísticas y comerciales.',35,62),
(463,48,20230023,'Circular por la extrema derecha de la vía respetando la formación de vehículos en tránsito sin colocarse entre dos de ellos.',35,142),
(464,42,20230023,'Prohibido estacionarse.',35,125),
(465,13,20230023,'Amortiguadores, radio, calefacción.',35,38),
(466,31,20230023,'Sí, salvo que exista señalamiento que indique lo contrario.',35,92),
(467,11,20230023,'Zona de hospitales.',35,33),
(468,47,20230023,'Es una obligación señalada en el artículo 132 del Reglamento de la Ley de Comunicaciones y Transportes en Materia de Transporte Público y Privado.',35,139),
(469,23,20230023,'Sí, siempre y cuando el consumo no rebase los límites del alcoholímetro.',35,68),
(470,44,20230023,'Cuándo esté lloviendo.',35,129),
(471,6,20230023,'Circulación en doble sentido.',35,18),
(472,40,20230023,'Glorieta con retorno.',35,119),
(473,1,20230023,'Activar la alarma.',35,3),
(474,29,20230023,'60 Kilómetros por hora.',35,85),
(475,12,20230023,'Desviación.',35,34),
(476,9,20230023,'El conductor con licencia y tarjeta de circulación.',35,25),
(477,5,20230023,'c) Si se estaciona sólo por unos cuantos minutos.',35,15),
(478,10,20230023,'Preventivas.',35,29),
(479,28,20230023,'Bajar la velocidad.',35,81),
(480,24,20230023,'La tarjeta de circulación.',35,70),
(481,16,20230023,'Cuartos delanteros de luz ámbar y traseros de luz roja.',35,47),
(482,43,20230023,'No hay extinguidor.',36,126),
(483,5,20230023,'a) Si es o transporta persona con discapacidad.',36,13),
(484,38,20230023,'Grúas.',36,113),
(485,47,20230023,'De caballerosidad para ceder el paso a las mujeres.',36,140),
(486,49,20230023,'Peatones.',36,144),
(487,21,20230023,'Para transporte público y privado.',36,63),
(488,24,20230023,'La tarjeta de circulación.',36,70),
(489,32,20230023,'La que resulte necesaria.',36,93),
(490,34,20230023,'Con freno de mano y las ruedas delanteras dirigidas hacia la acera.',36,100),
(491,44,20230023,'Cuando un tren en marcha se encuentre aproximadamente a doscientos metros del cruce o emita una señal audible.',36,130),
(492,35,20230023,'Con freno de mano y las ruedas delanteras en posición inversa a la acera.',36,102),
(493,8,20230023,'Se requieren para pago de refrendo.',36,23),
(494,33,20230023,'La que permita la maniobra de estacionamiento.',36,97),
(495,19,20230023,'Placa, tarjeta de circulación o licencia de conducir. Solo una de estas tres.',36,57),
(496,48,20230023,'Utilizar ambos carriles y circular de forma paralela con los vehículos.',36,143),
(497,9,20230023,'Únicamente el agente vial y deberá acercarse por el lado del conductor portando casco y gafete de identificación.',36,27),
(498,25,20230023,'Salvo causa justificada que acredite con el documento idóneo.',36,73),
(499,11,20230023,'Preventiva.',36,32),
(500,16,20230023,'Cuartos delanteros de luz ámbar y traseros de luz roja.',36,47),
(501,29,20230023,'40 Kilómetros por hora.',36,84),
(502,1,20230023,'Colocarse el cinturón de seguridad.',37,2),
(503,27,20230023,'Adultos mayores de 65 años.',37,79),
(504,6,20230023,'Circulación en doble sentido.',37,18),
(505,20,20230023,'Verde: vía libre para el conductor respetando los límites de velocidad establecidos. Rojo: Alto total. Ámbar: precaución ya que está próximo a cambiar el semáforo en rojo.',37,58),
(506,38,20230023,'Peatones.',37,111),
(507,44,20230023,'En días inhábiles.',37,131),
(508,5,20230023,'c) Si se estaciona sólo por unos cuantos minutos.',37,15),
(509,13,20230023,'Amortiguadores, radio, calefacción.',37,38),
(510,8,20230023,'Intransferibles que identifican al vehículo.',37,22),
(511,34,20230023,'Con freno de mano y las ruedas delanteras dirigidas hacia la acera.',37,100),
(512,31,20230023,'Si.',37,91),
(513,11,20230023,'Alto total.',37,31),
(514,39,20230023,'Prohibido girar a la izquierda.',37,114),
(515,49,20230023,'Vehículos particulares.',37,146),
(516,10,20230023,'Restrictivas.',37,30),
(517,26,20230023,'Cuatro metros.',37,75),
(518,47,20230023,'Educación.',37,138),
(519,46,20230023,'La pavimentada. ',37,136),
(520,40,20230023,'Glorieta con retorno.',37,119),
(521,16,20230023,'Sirenas, faros rojos, torretas, luces blancas o aditamentos exclusivos de unidades destinadas a la seguridad pública.',37,46),
(522,2,20230023,'a) En el asiento trasero.',38,4),
(523,40,20230023,'Prohibido dar vuelta en “U”.',38,118),
(524,5,20230023,'b) Si es el único espacio disponible.',38,14),
(525,14,20230023,'Desde que empiece a oscurecer, de noche, o cuando no haya suficiente visibilidad en el día.',38,40),
(526,12,20230023,'Zona escolar.',38,36),
(527,47,20230023,'Es una obligación señalada en el artículo 132 del Reglamento de la Ley de Comunicaciones y Transportes en Materia de Transporte Público y Privado.',38,139),
(528,32,20230023,'Una cuarta parte de la longitud de la calle.',38,95),
(529,11,20230023,'Preventiva.',38,32),
(530,39,20230023,'Prohibido girar a la izquierda.',38,114),
(531,37,20230023,'Todos los que viajen en el auto.',38,109),
(532,46,20230023,'La de terracería.',38,137),
(533,33,20230023,'La que permita la maniobra de estacionamiento.',38,97),
(534,23,20230023,'No, conductor y acompañantes deben abstenerse de consumir bebidas alcohólicas.',38,67),
(535,44,20230023,'Cuándo esté lloviendo.',38,129),
(536,35,20230023,'Con freno de mano y las llantas en el mismo sentido de la acera.',38,103),
(537,26,20230023,'La suficiente para que ingrese un vehículo si busca rebasarme.',38,77),
(538,20,20230023,'Luz verde permitir el paso a los peatones, si no hay quien cruce la calle me puedo pasar. Luz roja alto total y si no hay peatones también me puedo pasar.',38,60),
(539,49,20230023,'Vehículos particulares.',38,146),
(540,27,20230023,'Adultos mayores de 65 años.',38,79),
(541,13,20230023,'Verificar niveles, llantas y espejos.',38,37),
(542,17,20230023,'Seguir su marcha, salvo que las autoridades que estén presentes en el lugar del accidente, soliciten su apoyo.',38,51),
(543,24,20230023,'El formato RVS07 que se expide en las delegaciones de la SECTE.',38,71),
(544,31,20230023,'Si.',38,91),
(545,10,20230023,'Restrictivas.',38,30),
(546,50,20230023,'Falso.',38,148),
(547,29,20230023,'20 Kilómetros por hora.',38,86),
(548,43,20230023,'Prohibido avanzar.',38,128),
(549,45,20230023,'El vehículo será remitido al corralón autorizado y lo pondrá a disposición de la autoridad competente.',38,134),
(550,19,20230023,'Placa, tarjeta de circulación o licencia de conducir. Solo una de estas tres.',38,57),
(551,6,20230023,'Circulación en doble sentido.',38,18),
(552,16,20230023,'Claxon cuya potencia no lastime los oídos de los transeúntes y conductores.',38,48),
(553,34,20230023,'Con freno de mano y las ruedas delanteras dirigidas hacia la acera.',38,100),
(554,22,20230023,'Sí.',38,64),
(555,38,20230023,'Peatones.',38,111),
(556,1,20230023,'Encender las luces.',38,1),
(557,21,20230023,'Escolares, turísticas y comerciales.',38,62),
(558,48,20230023,'Circular por la extrema derecha de la vía respetando la formación de vehículos en tránsito sin colocarse entre dos de ellos.',38,142),
(559,8,20230023,'Intransferibles que identifican al vehículo.',38,22),
(560,41,20230023,'Sin estacionamiento.',38,121),
(561,3,20230023,'b) Ninguna infracción.',38,8),
(562,42,20230023,'Prohibido estacionarse.',39,125),
(563,16,20230023,'Claxon cuya potencia no lastime los oídos de los transeúntes y conductores.',39,48),
(564,3,20230023,'a) Abuso de autoridad.',39,7),
(565,49,20230023,'Personas de la tercera edad.',39,145),
(566,25,20230023,'Cuando olvide colocarlas en mi vehículo.',39,72),
(567,46,20230023,'La de terracería.',39,137),
(568,8,20230023,'Intransferibles que identifican al vehículo.',39,22),
(569,5,20230023,'b) Si es el único espacio disponible.',39,14),
(570,2,20230023,'b) En el asiento delantero.',39,5),
(571,50,20230023,'Falso.',39,148),
(572,22,20230023,'No.',39,65),
(573,31,20230023,'Si.',39,91),
(574,45,20230023,'Solicitar la corrección en la Secretaría de Comunicaciones y Transportes.',39,132),
(575,27,20230023,'Ninguno.',39,80),
(576,47,20230023,'De caballerosidad para ceder el paso a las mujeres.',39,140),
(577,9,20230023,'El conductor con licencia y tarjeta de circulación.',39,25),
(578,15,20230023,'Chip de REPUVE.',39,45),
(579,36,20230023,'En estacionamientos.',39,106),
(580,32,20230023,'Una cuarta parte de la longitud de la calle.',39,95),
(581,28,20230023,'Mantener la misma velocidad.',39,82),
(582,33,20230023,'20 centímetros.',39,96),
(583,20,20230023,'Verde en máxima velocidad y rojo bajar la velocidad. La luz amarilla dependerá del horario del día.',39,59),
(584,14,20230023,'Desde que empiece a oscurecer, de noche, o cuando no haya suficiente visibilidad en el día.',39,40),
(585,39,20230023,'Obras en proceso de construcción.',39,116),
(586,24,20230023,'La factura del vehículo.',39,69),
(587,21,20230023,'Para transporte público y privado.',39,63),
(588,23,20230023,'Sí, siempre y cuando el conductor no consuma bebidas alcohólicas.',39,66),
(589,38,20230023,'Vehículos.',39,112),
(590,37,20230023,'El conductor.',39,108),
(591,10,20230023,'Restrictivas.',39,30),
(592,35,20230023,'Con freno de mano y las llantas en el mismo sentido de la acera.',39,103),
(593,43,20230023,'No hay extinguidor.',39,126),
(594,40,20230023,'Prohibido dar vuelta en “U”.',39,118),
(595,29,20230023,'60 Kilómetros por hora.',39,85),
(596,34,20230023,'Con freno de mano y las llantas en sentido inverso a la acera.',39,99),
(597,12,20230023,'Desviación.',39,34),
(598,44,20230023,'Cuando un tren en marcha se encuentre aproximadamente a doscientos metros del cruce o emita una señal audible.',39,130),
(599,4,20230023,'a) Bajar la velocidad.',39,10),
(600,7,20230023,'Infracción a las normas de vialidad.',39,20),
(601,13,20230023,'Verificar niveles, llantas y espejos.',39,37),
(602,31,20230023,'Sí, salvo que exista señalamiento que indique lo contrario.',40,92),
(603,48,20230023,'Circular por la extrema derecha de la vía respetando la formación de vehículos en tránsito sin colocarse entre dos de ellos.',40,142),
(604,25,20230023,'Salvo causa justificada que acredite con el documento idóneo.',40,73),
(605,43,20230023,'Sin lugares, pase al siguiente estacionamiento.',40,127),
(606,27,20230023,'Ninguno.',40,80),
(607,4,20230023,'a) Bajar la velocidad.',40,10),
(608,49,20230023,'Peatones.',40,144),
(609,41,20230023,'Sin estacionamiento.',40,121),
(610,42,20230023,'Sin lugares, pase al siguiente estacionamiento.',40,124),
(611,26,20230023,'La suficiente para que ingrese un vehículo si busca rebasarme.',40,77),
(612,38,20230023,'Peatones.',40,111),
(613,13,20230023,'Vestiduras, extinguidor y aire acondicionado.',40,39),
(614,32,20230023,'La que resulte necesaria.',40,93),
(615,50,20230023,'Cierto.',40,147),
(616,16,20230023,'Cuartos delanteros de luz ámbar y traseros de luz roja.',40,47),
(617,47,20230023,'Educación.',40,138),
(618,3,20230023,'b) Ninguna infracción.',40,8),
(619,28,20230023,'Bajar la velocidad.',40,81),
(620,2,20230023,'b) En el asiento delantero.',40,5),
(621,10,20230023,'Informativas del destino.',40,28),
(622,19,20230023,'Placa, tarjeta de circulación o licencia de conducir. Solo una de estas tres.',40,57),
(623,36,20230023,'En zonas de parquímetros.',40,107),
(624,6,20230023,'No estacionarse.',40,17),
(625,40,20230023,'Prohibido dar vuelta en “U”.',40,118),
(626,45,20230023,'Solicitar la corrección en la Secretaría de Comunicaciones y Transportes.',40,132),
(627,33,20230023,'La que permita la maniobra de estacionamiento.',40,97),
(628,39,20230023,'Prohibido girar a la izquierda.',40,114),
(629,8,20230023,'Se requieren para pago de refrendo.',40,23),
(630,1,20230023,'Colocarse el cinturón de seguridad.',40,2),
(631,15,20230023,'Propaganda política que te identifique con algún partido político.',40,44),
(632,35,20230023,'Con freno de mano y las llantas en el mismo sentido de la acera.',40,103),
(633,17,20230023,'Si observa que uno de los implicados se aleja a alta velocidad, deberá tomar fotografía con su teléfono celular de las placas.',40,50),
(634,37,20230023,'El conductor.',40,108),
(635,46,20230023,'La de terracería.',40,137),
(636,18,20230023,'Tratar de llegar a un acuerdo y en caso negativo, acompañar a la autoridad ante el Agente del Ministerio Público y los vehículos serán remitidos al corralón autorizado.',40,53),
(637,12,20230023,'Desviación.',40,34),
(638,24,20230023,'La tarjeta de circulación.',40,70),
(639,23,20230023,'Sí, siempre y cuando el consumo no rebase los límites del alcoholímetro.',40,68),
(640,21,20230023,'Preventivas, restrictivas e informativas.',40,61),
(641,44,20230023,'Cuando un tren en marcha se encuentre aproximadamente a doscientos metros del cruce o emita una señal audible.',40,130),
(642,34,20230024,'Con freno de mano y las llantas en dirección al sentido de la circulación de la calle.',41,101),
(643,10,20230024,'Informativas del destino.',41,28),
(644,50,20230024,'Solo en escuelas de nivel pre escolar y básico.',41,149),
(645,20,20230024,'Verde en máxima velocidad y rojo bajar la velocidad. La luz amarilla dependerá del horario del día.',41,59),
(646,15,20230024,'Chip de REPUVE.',41,45),
(647,18,20230024,'Tratar de llegar a un acuerdo y en caso negativo, acompañar a la autoridad ante el Agente del Ministerio Público y los vehículos serán remitidos al corralón autorizado.',41,53),
(648,17,20230024,'Orillarse y usar su unidad para detener el tráfico vehicular.',41,49),
(649,47,20230024,'Es una obligación señalada en el artículo 132 del Reglamento de la Ley de Comunicaciones y Transportes en Materia de Transporte Público y Privado.',41,139),
(650,4,20230024,'c) Permitirle el paso, colocarse en el extremo de la vialidad y hacer alto total.',41,12),
(651,48,20230024,'Circular por la extrema derecha de la vía respetando la formación de vehículos en tránsito sin colocarse entre dos de ellos.',41,142),
(652,8,20230024,'Se requieren para pago de refrendo.',41,23),
(653,3,20230024,'a) Abuso de autoridad.',41,7),
(654,11,20230024,'Zona de hospitales.',41,33),
(655,14,20230024,'Desde que empieza a circular.',41,41),
(656,28,20230024,'Aumentar la velocidad.',41,83),
(657,27,20230024,'Menores de doce años.',41,78),
(658,2,20230024,'a) En el asiento trasero.',41,4),
(659,33,20230024,'La que permita la maniobra de estacionamiento.',41,97),
(660,31,20230024,'No.',41,90),
(661,24,20230024,'El formato RVS07 que se expide en las delegaciones de la SECTE.',41,71),
(662,49,20230024,'Personas de la tercera edad.',42,145),
(663,6,20230024,'No estacionarse.',42,17),
(664,16,20230024,'Sirenas, faros rojos, torretas, luces blancas o aditamentos exclusivos de unidades destinadas a la seguridad pública.',42,46),
(665,15,20230024,'Rótulos, carteles u objetos que obstruyan la visibilidad y vidrios polarizados.',42,43),
(666,31,20230024,'Sí, salvo que exista señalamiento que indique lo contrario.',42,92),
(667,22,20230024,'Sí.',42,64),
(668,37,20230024,'El conductor.',42,108),
(669,3,20230024,'b) Ninguna infracción.',42,8),
(670,38,20230024,'Peatones.',42,111),
(671,35,20230024,'Con freno de mano y las llantas en el mismo sentido de la acera.',42,103),
(672,40,20230024,'Glorieta con retorno.',42,119),
(673,45,20230024,'El vehículo será remitido al corralón autorizado y lo pondrá a disposición de la autoridad competente.',42,134),
(674,21,20230024,'Preventivas, restrictivas e informativas.',42,61),
(675,23,20230024,'Sí, siempre y cuando el conductor no consuma bebidas alcohólicas.',42,66),
(676,47,20230024,'Es una obligación señalada en el artículo 132 del Reglamento de la Ley de Comunicaciones y Transportes en Materia de Transporte Público y Privado.',42,139),
(677,33,20230024,'Una distancia prudente.',42,98),
(678,10,20230024,'Informativas del destino.',42,28),
(679,28,20230024,'Bajar la velocidad.',42,81),
(680,48,20230024,'Circular por la extrema derecha de la vía respetando la formación de vehículos en tránsito sin colocarse entre dos de ellos.',42,142),
(681,34,20230024,'Con freno de mano y las ruedas delanteras dirigidas hacia la acera.',42,100),
(682,13,20230024,'Verificar niveles, llantas y espejos.',43,37),
(683,19,20230024,'Dos placas, tarjeta de circulación y licencia.',43,56),
(684,28,20230024,'Aumentar la velocidad.',43,83),
(685,12,20230024,'Zona escolar.',43,36),
(686,7,20230024,'Infracción a las normas de vialidad.',43,20),
(687,46,20230024,'La pavimentada. ',43,136),
(688,37,20230024,'Conductor y acompañante de asiento delantero.',43,110),
(689,3,20230024,'c) Infracción y delito.',43,9),
(690,6,20230024,'Disminuir velocidad.',43,16),
(691,48,20230024,'Circular por la extrema derecha de la vía respetando la formación de vehículos en tránsito sin colocarse entre dos de ellos.',43,142),
(692,20,20230024,'Verde en máxima velocidad y rojo bajar la velocidad. La luz amarilla dependerá del horario del día.',43,59),
(693,30,20230024,'30 Kilómetros por hora.',43,88),
(694,9,20230024,'El agente de tránsito y el conductor.',43,26),
(695,38,20230024,'Grúas.',43,113),
(696,15,20230024,'Chip de REPUVE.',43,45),
(697,26,20230024,'Un metro.',43,76),
(698,36,20230024,'En las aceras, camellones, puentes y en la entrada de vehículos de casas particulares.',43,105),
(699,27,20230024,'Menores de doce años.',43,78),
(700,11,20230024,'Zona de hospitales.',43,33),
(701,47,20230024,'De caballerosidad para ceder el paso a las mujeres.',43,140),
(702,10,20230024,'Restrictivas.',43,30),
(703,5,20230024,'a) Si es o transporta persona con discapacidad.',43,13),
(704,23,20230024,'Sí, siempre y cuando el conductor no consuma bebidas alcohólicas.',43,66),
(705,22,20230024,'No.',43,65),
(706,14,20230024,'Desde que empieza a circular.',43,41),
(707,45,20230024,'Solicitar la corrección en la Secretaría de Comunicaciones y Transportes.',43,132),
(708,17,20230024,'Seguir su marcha, salvo que las autoridades que estén presentes en el lugar del accidente, soliciten su apoyo.',43,51),
(709,42,20230024,'No hay extinguidor.',43,123),
(710,44,20230024,'En días inhábiles.',43,131),
(711,16,20230024,'Sirenas, faros rojos, torretas, luces blancas o aditamentos exclusivos de unidades destinadas a la seguridad pública.',43,46),
(712,25,20230024,'Cuando olvide colocarlas en mi vehículo.',43,72),
(713,21,20230024,'Escolares, turísticas y comerciales.',43,62),
(714,1,20230024,'Colocarse el cinturón de seguridad.',43,2),
(715,8,20230024,'Para obtención de licencia.',43,24),
(716,4,20230024,'b) Acelera y pasar primero.',43,11),
(717,39,20230024,'Obras en proceso de construcción.',43,116),
(718,32,20230024,'Una cuarta parte de la longitud de la calle.',43,95),
(719,34,20230024,'Con freno de mano y las llantas en sentido inverso a la acera.',43,99),
(720,41,20230024,'Seguir de frente.',43,120),
(721,49,20230024,'Peatones.',43,144),
(722,39,20230024,'Prohibido dar vuelta en “U”.',44,115),
(723,17,20230024,'Si observa que uno de los implicados se aleja a alta velocidad, deberá tomar fotografía con su teléfono celular de las placas.',44,50),
(724,41,20230024,'Seguir de frente.',44,120),
(725,40,20230024,'Prohibido girar a la izquierda.',44,117),
(726,44,20230024,'Cuándo esté lloviendo.',44,129),
(727,19,20230024,'Credencial del INE y placa delantera.',44,55),
(728,20,20230024,'Verde en máxima velocidad y rojo bajar la velocidad. La luz amarilla dependerá del horario del día.',44,59),
(729,48,20230024,'Utilizar ambos carriles y circular de forma paralela con los vehículos.',44,143),
(730,37,20230024,'Todos los que viajen en el auto.',44,109),
(731,25,20230024,'Cuando olvide colocarlas en mi vehículo.',44,72),
(732,23,20230024,'No, conductor y acompañantes deben abstenerse de consumir bebidas alcohólicas.',44,67),
(733,22,20230024,'Sí.',44,64),
(734,50,20230024,'Solo en escuelas de nivel pre escolar y básico.',44,149),
(735,33,20230024,'20 centímetros.',44,96),
(736,49,20230024,'Peatones.',44,144),
(737,13,20230024,'Amortiguadores, radio, calefacción.',44,38),
(738,35,20230024,'Con freno de mano y las llantas en dirección al sentido de la circulación de la calle.',44,104),
(739,27,20230024,'Menores de doce años.',44,78),
(740,1,20230024,'Encender las luces.',44,1),
(741,12,20230024,'Zona escolar.',44,36),
(742,16,20230024,'Claxon cuya potencia no lastime los oídos de los transeúntes y conductores.',44,48),
(743,32,20230024,'La que resulte necesaria.',44,93),
(744,29,20230024,'60 Kilómetros por hora.',44,85),
(745,31,20230024,'Sí, salvo que exista señalamiento que indique lo contrario.',44,92),
(746,6,20230024,'No estacionarse.',44,17),
(747,21,20230024,'Escolares, turísticas y comerciales.',44,62),
(748,5,20230024,'a) Si es o transporta persona con discapacidad.',44,13),
(749,4,20230024,'a) Bajar la velocidad.',44,10),
(750,45,20230024,'El vehículo será remitido al corralón autorizado y lo pondrá a disposición de la autoridad competente.',44,134),
(751,11,20230024,'Alto total.',44,31),
(752,46,20230024,'Dependiendo la cantidad de tráfico vehicular.',44,135),
(753,8,20230024,'Intransferibles que identifican al vehículo.',44,22),
(754,28,20230024,'Aumentar la velocidad.',44,83),
(755,42,20230024,'Sin lugares, pase al siguiente estacionamiento.',44,124),
(756,26,20230024,'Un metro.',44,76),
(757,30,20230024,'30 Kilómetros por hora.',44,88),
(758,9,20230024,'El conductor con licencia y tarjeta de circulación.',44,25),
(759,36,20230024,'En estacionamientos.',44,106),
(760,24,20230024,'El formato RVS07 que se expide en las delegaciones de la SECTE.',44,71),
(761,3,20230024,'b) Ninguna infracción.',44,8),
(762,10,20230025,'Informativas del destino.',45,28),
(763,1,20230025,'Activar la alarma.',45,3),
(764,8,20230025,'Intransferibles que identifican al vehículo.',45,22),
(765,32,20230025,'Una cuarta parte de la longitud de la calle.',45,95),
(766,17,20230025,'Si observa que uno de los implicados se aleja a alta velocidad, deberá tomar fotografía con su teléfono celular de las placas.',45,50),
(767,6,20230025,'No estacionarse.',45,17),
(768,36,20230025,'En estacionamientos.',45,106),
(769,20,20230025,'Verde: vía libre para el conductor respetando los límites de velocidad establecidos. Rojo: Alto total. Ámbar: precaución ya que está próximo a cambiar el semáforo en rojo.',45,58),
(770,23,20230025,'Sí, siempre y cuando el conductor no consuma bebidas alcohólicas.',45,66),
(771,39,20230025,'Prohibido dar vuelta en “U”.',45,115),
(772,46,20230025,'La de terracería.',45,137),
(773,42,20230025,'No hay extinguidor.',45,123),
(774,49,20230025,'Peatones.',45,144),
(775,30,20230025,'20 kilómetros por hora.',45,87),
(776,12,20230025,'Vuelta continúa.',45,35),
(777,16,20230025,'Cuartos delanteros de luz ámbar y traseros de luz roja.',45,47),
(778,40,20230025,'Glorieta con retorno.',45,119),
(779,29,20230025,'40 Kilómetros por hora.',45,84),
(780,21,20230025,'Escolares, turísticas y comerciales.',45,62),
(781,9,20230025,'El agente de tránsito y el conductor.',45,26),
(782,13,20230025,'Amortiguadores, radio, calefacción.',46,38),
(783,3,20230025,'b) Ninguna infracción.',46,8),
(784,1,20230025,'Activar la alarma.',46,3),
(785,20,20230025,'Verde en máxima velocidad y rojo bajar la velocidad. La luz amarilla dependerá del horario del día.',46,59),
(786,4,20230025,'c) Permitirle el paso, colocarse en el extremo de la vialidad y hacer alto total.',46,12),
(787,49,20230025,'Personas de la tercera edad.',46,145),
(788,26,20230025,'Cuatro metros.',46,75),
(789,29,20230025,'40 Kilómetros por hora.',46,84),
(790,23,20230025,'Sí, siempre y cuando el consumo no rebase los límites del alcoholímetro.',46,68),
(791,17,20230025,'Si observa que uno de los implicados se aleja a alta velocidad, deberá tomar fotografía con su teléfono celular de las placas.',46,50),
(792,15,20230025,'Chip de REPUVE.',46,45),
(793,25,20230025,'Cuando olvide colocarlas en mi vehículo.',46,72),
(794,19,20230025,'Dos placas, tarjeta de circulación y licencia.',46,56),
(795,2,20230025,'a) En el asiento trasero.',46,4),
(796,44,20230025,'En días inhábiles.',46,131),
(797,40,20230025,'Glorieta con retorno.',46,119),
(798,14,20230025,'Cuando circule por intersecciones.',46,42),
(799,33,20230025,'20 centímetros.',46,96),
(800,21,20230025,'Para transporte público y privado.',46,63),
(801,30,20230025,'20 kilómetros por hora.',46,87),
(802,6,20230025,'Disminuir velocidad.',47,16),
(803,48,20230025,'Utilizar ambos carriles y circular de forma paralela con los vehículos.',47,143),
(804,20,20230025,'Verde en máxima velocidad y rojo bajar la velocidad. La luz amarilla dependerá del horario del día.',47,59),
(805,17,20230025,'Orillarse y usar su unidad para detener el tráfico vehicular.',47,49),
(806,27,20230025,'Ninguno.',47,80),
(807,49,20230025,'Peatones.',47,144),
(808,18,20230025,'Tratar de llegar a un acuerdo y en caso negativo, acompañar a la autoridad ante el Agente del Ministerio Público y los vehículos serán remitidos al corralón autorizado.',47,53),
(809,23,20230025,'Sí, siempre y cuando el consumo no rebase los límites del alcoholímetro.',47,68),
(810,24,20230025,'El formato RVS07 que se expide en las delegaciones de la SECTE.',47,71),
(811,3,20230025,'c) Infracción y delito.',47,9),
(812,50,20230025,'Solo en escuelas de nivel pre escolar y básico.',47,149),
(813,31,20230025,'No.',47,90),
(814,36,20230025,'En estacionamientos.',47,106),
(815,13,20230025,'Amortiguadores, radio, calefacción.',47,38),
(816,21,20230025,'Para transporte público y privado.',47,63),
(817,25,20230025,'Cuando olvide colocarlas en mi vehículo.',47,72),
(818,46,20230025,'Dependiendo la cantidad de tráfico vehicular.',47,135),
(819,30,20230025,'Variable dependiendo las indicaciones del agente de tránsito.',47,89),
(820,14,20230025,'Cuando circule por intersecciones.',47,42),
(821,9,20230025,'El conductor con licencia y tarjeta de circulación.',47,25),
(822,26,20230025,'La suficiente para que ingrese un vehículo si busca rebasarme.',48,77),
(823,18,20230025,'Tratar de llegar a un acuerdo y en caso negativo, acompañar a la autoridad ante el Agente del Ministerio Público y los vehículos serán remitidos al corralón autorizado.',48,53),
(824,48,20230025,'Circular por la extrema derecha de la vía respetando la formación de vehículos en tránsito sin colocarse entre dos de ellos.',48,142),
(825,16,20230025,'Sirenas, faros rojos, torretas, luces blancas o aditamentos exclusivos de unidades destinadas a la seguridad pública.',48,46),
(826,11,20230025,'Alto total.',48,31),
(827,12,20230025,'Desviación.',48,34),
(828,4,20230025,'a) Bajar la velocidad.',48,10),
(829,31,20230025,'No.',48,90),
(830,17,20230025,'Si observa que uno de los implicados se aleja a alta velocidad, deberá tomar fotografía con su teléfono celular de las placas.',48,50),
(831,24,20230025,'El formato RVS07 que se expide en las delegaciones de la SECTE.',48,71),
(832,15,20230025,'Chip de REPUVE.',48,45),
(833,6,20230025,'No estacionarse.',48,17),
(834,22,20230025,'Sí.',48,64),
(835,49,20230025,'Vehículos particulares.',48,146),
(836,3,20230025,'a) Abuso de autoridad.',48,7),
(837,14,20230025,'Desde que empiece a oscurecer, de noche, o cuando no haya suficiente visibilidad en el día.',48,40),
(838,38,20230025,'Peatones.',48,111),
(839,41,20230025,'Sin estacionamiento.',48,121),
(840,30,20230025,'30 Kilómetros por hora.',48,88),
(841,50,20230025,'Falso.',48,148),
(842,9,20230025,'Únicamente el agente vial y deberá acercarse por el lado del conductor portando casco y gafete de identificación.',49,27),
(843,25,20230025,'Cuando olvide colocarlas en mi vehículo.',49,72),
(844,2,20230025,'c) En la cajuela.',49,6),
(845,17,20230025,'Si observa que uno de los implicados se aleja a alta velocidad, deberá tomar fotografía con su teléfono celular de las placas.',49,50),
(846,45,20230025,'Solicitar la corrección en la Secretaría de Comunicaciones y Transportes.',49,132),
(847,36,20230025,'En estacionamientos.',49,106),
(848,29,20230025,'40 Kilómetros por hora.',49,84),
(849,10,20230025,'Preventivas.',49,29),
(850,21,20230025,'Escolares, turísticas y comerciales.',49,62),
(851,38,20230025,'Grúas.',49,113),
(852,7,20230025,'Causa de detención del vehículo.',49,21),
(853,33,20230025,'Una distancia prudente.',49,98),
(854,16,20230025,'Claxon cuya potencia no lastime los oídos de los transeúntes y conductores.',49,48),
(855,20,20230025,'Verde: vía libre para el conductor respetando los límites de velocidad establecidos. Rojo: Alto total. Ámbar: precaución ya que está próximo a cambiar el semáforo en rojo.',49,58),
(856,8,20230025,'Para obtención de licencia.',49,24),
(857,18,20230025,'Proponer que cada conductor se haga cargo de los daños de vehículo y retirarse.',49,52),
(858,41,20230025,'Seguir de frente.',49,120),
(859,44,20230025,'Cuándo esté lloviendo.',49,129),
(860,24,20230025,'La tarjeta de circulación.',49,70),
(861,19,20230025,'Credencial del INE y placa delantera.',49,55),
(862,3,20230025,'b) Ninguna infracción.',49,8),
(863,43,20230025,'Prohibido avanzar.',49,128),
(864,37,20230025,'El conductor.',49,108),
(865,39,20230025,'Prohibido girar a la izquierda.',49,114),
(866,13,20230025,'Verificar niveles, llantas y espejos.',49,37),
(867,12,20230025,'Desviación.',49,34),
(868,6,20230025,'Disminuir velocidad.',49,16),
(869,31,20230025,'Sí, salvo que exista señalamiento que indique lo contrario.',49,92),
(870,15,20230025,'Chip de REPUVE.',49,45),
(871,27,20230025,'Menores de doce años.',49,78),
(872,22,20230025,'Sí.',49,64),
(873,34,20230025,'Con freno de mano y las llantas en dirección al sentido de la circulación de la calle.',49,101),
(874,4,20230025,'c) Permitirle el paso, colocarse en el extremo de la vialidad y hacer alto total.',49,12),
(875,49,20230025,'Peatones.',49,144),
(876,14,20230025,'Desde que empieza a circular.',49,41),
(877,11,20230025,'Alto total.',49,31),
(878,26,20230025,'Cuatro metros.',49,75),
(879,47,20230025,'Es una obligación señalada en el artículo 132 del Reglamento de la Ley de Comunicaciones y Transportes en Materia de Transporte Público y Privado.',49,139),
(880,42,20230025,'Prohibido estacionarse.',49,125),
(881,50,20230025,'Falso.',49,148),
(882,39,20230026,'Prohibido girar a la izquierda.',50,114),
(883,43,20230026,'Prohibido avanzar.',50,128),
(884,11,20230026,'Alto total.',50,31),
(885,29,20230026,'60 Kilómetros por hora.',50,85),
(886,8,20230026,'Intransferibles que identifican al vehículo.',50,22),
(887,13,20230026,'Vestiduras, extinguidor y aire acondicionado.',50,39),
(888,34,20230026,'Con freno de mano y las llantas en dirección al sentido de la circulación de la calle.',50,101),
(889,12,20230026,'Zona escolar.',50,36),
(890,32,20230026,'10 metros.',50,94),
(891,35,20230026,'Con freno de mano y las llantas en el mismo sentido de la acera.',50,103),
(892,6,20230026,'No estacionarse.',50,17),
(893,48,20230026,'Circular por la extrema derecha de la vía respetando la formación de vehículos en tránsito sin colocarse entre dos de ellos.',50,142),
(894,41,20230026,'Prohibido doblar a la izquierda.',50,122),
(895,26,20230026,'La suficiente para que ingrese un vehículo si busca rebasarme.',50,77),
(896,30,20230026,'30 Kilómetros por hora.',50,88),
(897,10,20230026,'Preventivas.',50,29),
(898,4,20230026,'b) Acelera y pasar primero.',50,11),
(899,33,20230026,'20 centímetros.',50,96),
(900,27,20230026,'Ninguno.',50,80),
(901,20,20230026,'Luz verde permitir el paso a los peatones, si no hay quien cruce la calle me puedo pasar. Luz roja alto total y si no hay peatones también me puedo pasar.',50,60),
(902,26,20230026,'La suficiente para que ingrese un vehículo si busca rebasarme.',51,77),
(903,28,20230026,'Aumentar la velocidad.',51,83),
(904,41,20230026,'Seguir de frente.',51,120),
(905,2,20230026,'c) En la cajuela.',51,6),
(906,7,20230026,'Infracción a las normas de vialidad.',51,20),
(907,1,20230026,'Encender las luces.',51,1),
(908,10,20230026,'Restrictivas.',51,30),
(909,6,20230026,'Circulación en doble sentido.',51,18),
(910,43,20230026,'No hay extinguidor.',51,126),
(911,12,20230026,'Vuelta continúa.',51,35),
(912,35,20230026,'Con freno de mano y las llantas en dirección al sentido de la circulación de la calle.',51,104),
(913,25,20230026,'Cuando olvide colocarlas en mi vehículo.',51,72),
(914,21,20230026,'Escolares, turísticas y comerciales.',51,62),
(915,31,20230026,'No.',51,90),
(916,14,20230026,'Cuando circule por intersecciones.',51,42),
(917,23,20230026,'No, conductor y acompañantes deben abstenerse de consumir bebidas alcohólicas.',51,67),
(918,29,20230026,'60 Kilómetros por hora.',51,85),
(919,18,20230026,'Llamar al seguro y dirigirse a la agencia.',51,54),
(920,49,20230026,'Vehículos particulares.',51,146),
(921,44,20230026,'Cuándo esté lloviendo.',51,129),
(922,34,20230026,'Con freno de mano y las ruedas delanteras dirigidas hacia la acera.',52,100),
(923,14,20230026,'Desde que empiece a oscurecer, de noche, o cuando no haya suficiente visibilidad en el día.',52,40),
(924,16,20230026,'Claxon cuya potencia no lastime los oídos de los transeúntes y conductores.',52,48),
(925,30,20230026,'30 Kilómetros por hora.',52,88),
(926,12,20230026,'Vuelta continúa.',52,35),
(927,43,20230026,'Sin lugares, pase al siguiente estacionamiento.',52,127),
(928,26,20230026,'La suficiente para que ingrese un vehículo si busca rebasarme.',52,77),
(929,6,20230026,'Circulación en doble sentido.',52,18),
(930,3,20230026,'c) Infracción y delito.',52,9),
(931,4,20230026,'a) Bajar la velocidad.',52,10),
(932,17,20230026,'Seguir su marcha, salvo que las autoridades que estén presentes en el lugar del accidente, soliciten su apoyo.',52,51),
(933,44,20230026,'Cuando un tren en marcha se encuentre aproximadamente a doscientos metros del cruce o emita una señal audible.',52,130),
(934,19,20230026,'Placa, tarjeta de circulación o licencia de conducir. Solo una de estas tres.',52,57),
(935,27,20230026,'Menores de doce años.',52,78),
(936,41,20230026,'Prohibido doblar a la izquierda.',52,122),
(937,1,20230026,'Activar la alarma.',52,3),
(938,32,20230026,'Una cuarta parte de la longitud de la calle.',52,95),
(939,13,20230026,'Verificar niveles, llantas y espejos.',52,37),
(940,23,20230026,'Sí, siempre y cuando el consumo no rebase los límites del alcoholímetro.',52,68),
(941,11,20230026,'Zona de hospitales.',52,33),
(942,38,20230026,'Vehículos.',53,112),
(943,28,20230026,'Mantener la misma velocidad.',53,82),
(944,27,20230026,'Ninguno.',53,80),
(945,16,20230026,'Claxon cuya potencia no lastime los oídos de los transeúntes y conductores.',53,48),
(946,50,20230026,'Cierto.',53,147),
(947,49,20230026,'Personas de la tercera edad.',53,145),
(948,15,20230026,'Propaganda política que te identifique con algún partido político.',53,44),
(949,1,20230026,'Encender las luces.',53,1),
(950,39,20230026,'Prohibido girar a la izquierda.',53,114),
(951,13,20230026,'Amortiguadores, radio, calefacción.',53,38),
(952,10,20230026,'Informativas del destino.',53,28),
(953,32,20230026,'La que resulte necesaria.',53,93),
(954,3,20230026,'c) Infracción y delito.',53,9),
(955,26,20230026,'Cuatro metros.',53,75),
(956,36,20230026,'En estacionamientos.',53,106),
(957,31,20230026,'Si.',53,91),
(958,14,20230026,'Cuando circule por intersecciones.',53,42),
(959,35,20230026,'Con freno de mano y las llantas en el mismo sentido de la acera.',53,103),
(960,23,20230026,'Sí, siempre y cuando el consumo no rebase los límites del alcoholímetro.',53,68),
(961,41,20230026,'Seguir de frente.',53,120),
(962,4,20230026,'c) Permitirle el paso, colocarse en el extremo de la vialidad y hacer alto total.',53,12),
(963,24,20230026,'La tarjeta de circulación.',53,70),
(964,48,20230026,'Transitar en el lado opuesto de la circulación',53,141),
(965,30,20230026,'20 kilómetros por hora.',53,87),
(966,17,20230026,'Si observa que uno de los implicados se aleja a alta velocidad, deberá tomar fotografía con su teléfono celular de las placas.',53,50),
(967,44,20230026,'Cuándo esté lloviendo.',53,129),
(968,43,20230026,'No hay extinguidor.',53,126),
(969,29,20230026,'20 Kilómetros por hora.',53,86),
(970,40,20230026,'Prohibido dar vuelta en “U”.',53,118),
(971,25,20230026,'Cuando olvide colocarlas en mi vehículo.',53,72),
(972,22,20230026,'No.',53,65),
(973,46,20230026,'La de terracería.',53,137),
(974,12,20230026,'Desviación.',53,34),
(975,47,20230026,'Es una obligación señalada en el artículo 132 del Reglamento de la Ley de Comunicaciones y Transportes en Materia de Transporte Público y Privado.',53,139),
(976,37,20230026,'Todos los que viajen en el auto.',53,109),
(977,42,20230026,'Prohibido estacionarse.',53,125),
(978,34,20230026,'Con freno de mano y las llantas en sentido inverso a la acera.',53,99),
(979,33,20230026,'La que permita la maniobra de estacionamiento.',53,97),
(980,11,20230026,'Alto total.',53,31),
(981,18,20230026,'Llamar al seguro y dirigirse a la agencia.',53,54),
(982,49,20230027,'Personas de la tercera edad.',54,145),
(983,30,20230027,'Variable dependiendo las indicaciones del agente de tránsito.',54,89),
(984,7,20230027,'Legal para no estresarse.',54,19),
(985,10,20230027,'Informativas del destino.',54,28),
(986,23,20230027,'Sí, siempre y cuando el consumo no rebase los límites del alcoholímetro.',54,68),
(987,35,20230027,'Con freno de mano y las llantas en dirección al sentido de la circulación de la calle.',54,104),
(988,29,20230027,'60 Kilómetros por hora.',54,85),
(989,46,20230027,'Dependiendo la cantidad de tráfico vehicular.',54,135),
(990,16,20230027,'Sirenas, faros rojos, torretas, luces blancas o aditamentos exclusivos de unidades destinadas a la seguridad pública.',54,46),
(991,45,20230027,'El vehículo será remitido al corralón autorizado y lo pondrá a disposición de la autoridad competente.',54,134),
(992,3,20230027,'c) Infracción y delito.',54,9),
(993,17,20230027,'Seguir su marcha, salvo que las autoridades que estén presentes en el lugar del accidente, soliciten su apoyo.',54,51),
(994,26,20230027,'Un metro.',54,76),
(995,47,20230027,'Es una obligación señalada en el artículo 132 del Reglamento de la Ley de Comunicaciones y Transportes en Materia de Transporte Público y Privado.',54,139),
(996,48,20230027,'Utilizar ambos carriles y circular de forma paralela con los vehículos.',54,143),
(997,44,20230027,'En días inhábiles.',54,131),
(998,21,20230027,'Preventivas, restrictivas e informativas.',54,61),
(999,32,20230027,'10 metros.',54,94),
(1000,27,20230027,'Ninguno.',54,80),
(1001,18,20230027,'Proponer que cada conductor se haga cargo de los daños de vehículo y retirarse.',54,52),
(1002,38,20230027,'Peatones.',55,111),
(1003,28,20230027,'Aumentar la velocidad.',55,83),
(1004,29,20230027,'40 Kilómetros por hora.',55,84),
(1005,19,20230027,'Placa, tarjeta de circulación o licencia de conducir. Solo una de estas tres.',55,57),
(1006,40,20230027,'Prohibido girar a la izquierda.',55,117),
(1007,48,20230027,'Circular por la extrema derecha de la vía respetando la formación de vehículos en tránsito sin colocarse entre dos de ellos.',55,142),
(1008,1,20230027,'Activar la alarma.',55,3),
(1009,5,20230027,'b) Si es el único espacio disponible.',55,14),
(1010,30,20230027,'20 kilómetros por hora.',55,87),
(1011,17,20230027,'Orillarse y usar su unidad para detener el tráfico vehicular.',55,49),
(1012,39,20230027,'Prohibido dar vuelta en “U”.',55,115),
(1013,46,20230027,'La de terracería.',55,137),
(1014,16,20230027,'Claxon cuya potencia no lastime los oídos de los transeúntes y conductores.',55,48),
(1015,34,20230027,'Con freno de mano y las llantas en dirección al sentido de la circulación de la calle.',55,101),
(1016,10,20230027,'Informativas del destino.',55,28),
(1017,35,20230027,'Con freno de mano y las llantas en dirección al sentido de la circulación de la calle.',55,104),
(1018,42,20230027,'Prohibido estacionarse.',55,125),
(1019,3,20230027,'a) Abuso de autoridad.',55,7),
(1020,49,20230027,'Peatones.',55,144),
(1021,7,20230027,'Legal para no estresarse.',55,19),
(1022,4,20230027,'b) Acelera y pasar primero.',56,11),
(1023,43,20230027,'Sin lugares, pase al siguiente estacionamiento.',56,127),
(1024,3,20230027,'b) Ninguna infracción.',56,8),
(1025,50,20230027,'Cierto.',56,147),
(1026,23,20230027,'Sí, siempre y cuando el consumo no rebase los límites del alcoholímetro.',56,68),
(1027,47,20230027,'De caballerosidad para ceder el paso a las mujeres.',56,140),
(1028,11,20230027,'Alto total.',56,31),
(1029,16,20230027,'Sirenas, faros rojos, torretas, luces blancas o aditamentos exclusivos de unidades destinadas a la seguridad pública.',56,46),
(1030,33,20230027,'Una distancia prudente.',56,98),
(1031,40,20230027,'Prohibido girar a la izquierda.',56,117),
(1032,10,20230027,'Restrictivas.',56,30),
(1033,31,20230027,'Sí, salvo que exista señalamiento que indique lo contrario.',56,92),
(1034,25,20230027,'Salvo causa justificada que acredite con el documento idóneo.',56,73),
(1035,15,20230027,'Propaganda política que te identifique con algún partido político.',56,44),
(1036,24,20230027,'La factura del vehículo.',56,69),
(1037,37,20230027,'Todos los que viajen en el auto.',56,109),
(1038,42,20230027,'Prohibido estacionarse.',56,125),
(1039,7,20230027,'Legal para no estresarse.',56,19),
(1040,44,20230027,'Cuándo esté lloviendo.',56,129),
(1041,18,20230027,'Llamar al seguro y dirigirse a la agencia.',56,54),
(1042,5,20230027,'b) Si es el único espacio disponible.',56,14),
(1043,46,20230027,'La de terracería.',56,137),
(1044,28,20230027,'Bajar la velocidad.',56,81),
(1045,34,20230027,'Con freno de mano y las llantas en dirección al sentido de la circulación de la calle.',56,101),
(1046,6,20230027,'Disminuir velocidad.',56,16),
(1047,29,20230027,'60 Kilómetros por hora.',56,85),
(1048,26,20230027,'Cuatro metros.',56,75),
(1049,45,20230027,'El vehículo será remitido al corralón autorizado y lo pondrá a disposición de la autoridad competente.',56,134),
(1050,36,20230027,'En las aceras, camellones, puentes y en la entrada de vehículos de casas particulares.',56,105),
(1051,39,20230027,'Prohibido girar a la izquierda.',56,114),
(1052,48,20230027,'Utilizar ambos carriles y circular de forma paralela con los vehículos.',56,143),
(1053,1,20230027,'Activar la alarma.',56,3),
(1054,17,20230027,'Orillarse y usar su unidad para detener el tráfico vehicular.',56,49),
(1055,21,20230027,'Preventivas, restrictivas e informativas.',56,61),
(1056,22,20230027,'No.',56,65),
(1057,13,20230027,'Verificar niveles, llantas y espejos.',56,37),
(1058,27,20230027,'Adultos mayores de 65 años.',56,79),
(1059,49,20230027,'Peatones.',56,144),
(1060,12,20230027,'Vuelta continúa.',56,35),
(1061,14,20230027,'Desde que empieza a circular.',56,41),
(1062,40,20230027,'Prohibido girar a la izquierda.',57,117),
(1063,30,20230027,'30 Kilómetros por hora.',57,88),
(1064,34,20230027,'Con freno de mano y las ruedas delanteras dirigidas hacia la acera.',57,100),
(1065,23,20230027,'No, conductor y acompañantes deben abstenerse de consumir bebidas alcohólicas.',57,67),
(1066,12,20230027,'Vuelta continúa.',57,35),
(1067,3,20230027,'a) Abuso de autoridad.',57,7),
(1068,27,20230027,'Menores de doce años.',57,78),
(1069,24,20230027,'La factura del vehículo.',57,69),
(1070,10,20230027,'Preventivas.',57,29),
(1071,13,20230027,'Vestiduras, extinguidor y aire acondicionado.',57,39),
(1072,31,20230027,'Si.',57,91),
(1073,29,20230027,'20 Kilómetros por hora.',57,86),
(1074,5,20230027,'a) Si es o transporta persona con discapacidad.',57,13),
(1075,16,20230027,'Claxon cuya potencia no lastime los oídos de los transeúntes y conductores.',57,48),
(1076,26,20230027,'Cuatro metros.',57,75),
(1077,39,20230027,'Prohibido girar a la izquierda.',57,114),
(1078,21,20230027,'Preventivas, restrictivas e informativas.',57,61),
(1079,38,20230027,'Vehículos.',57,112),
(1080,42,20230027,'Prohibido estacionarse.',57,125),
(1081,7,20230027,'Causa de detención del vehículo.',57,21),
(1082,14,20230027,'Desde que empieza a circular.',57,41),
(1083,41,20230027,'Seguir de frente.',57,120),
(1084,35,20230027,'Con freno de mano y las llantas en el mismo sentido de la acera.',57,103),
(1085,1,20230027,'Encender las luces.',57,1),
(1086,25,20230027,'Cuando olvide colocarlas en mi vehículo.',57,72),
(1087,32,20230027,'10 metros.',57,94),
(1088,28,20230027,'Bajar la velocidad.',57,81),
(1089,20,20230027,'Verde en máxima velocidad y rojo bajar la velocidad. La luz amarilla dependerá del horario del día.',57,59),
(1090,43,20230027,'No hay extinguidor.',57,126),
(1091,15,20230027,'Chip de REPUVE.',57,45),
(1092,46,20230027,'Dependiendo la cantidad de tráfico vehicular.',57,135),
(1093,18,20230027,'Proponer que cada conductor se haga cargo de los daños de vehículo y retirarse.',57,52),
(1094,45,20230027,'El vehículo será remitido al corralón autorizado y lo pondrá a disposición de la autoridad competente.',57,134),
(1095,9,20230027,'Únicamente el agente vial y deberá acercarse por el lado del conductor portando casco y gafete de identificación.',57,27),
(1096,50,20230027,'Solo en escuelas de nivel pre escolar y básico.',57,149),
(1097,4,20230027,'b) Acelera y pasar primero.',57,11),
(1098,33,20230027,'La que permita la maniobra de estacionamiento.',57,97),
(1099,48,20230027,'Transitar en el lado opuesto de la circulación',57,141),
(1100,44,20230027,'En días inhábiles.',57,131),
(1101,6,20230027,'Circulación en doble sentido.',57,18),
(1102,14,20230028,'Desde que empiece a oscurecer, de noche, o cuando no haya suficiente visibilidad en el día.',58,40),
(1103,48,20230028,'Transitar en el lado opuesto de la circulación',58,141),
(1104,25,20230028,'Cuando olvide colocarlas en mi vehículo.',58,72),
(1105,49,20230028,'Peatones.',58,144),
(1106,8,20230028,'Para obtención de licencia.',58,24),
(1107,1,20230028,'Encender las luces.',58,1),
(1108,21,20230028,'Escolares, turísticas y comerciales.',58,62),
(1109,41,20230028,'Sin estacionamiento.',58,121),
(1110,12,20230028,'Zona escolar.',58,36),
(1111,6,20230028,'Circulación en doble sentido.',58,18),
(1112,34,20230028,'Con freno de mano y las llantas en dirección al sentido de la circulación de la calle.',58,101),
(1113,15,20230028,'Chip de REPUVE.',58,45),
(1114,11,20230028,'Preventiva.',58,32),
(1115,47,20230028,'Es una obligación señalada en el artículo 132 del Reglamento de la Ley de Comunicaciones y Transportes en Materia de Transporte Público y Privado.',58,139),
(1116,32,20230028,'10 metros.',58,94),
(1117,29,20230028,'20 Kilómetros por hora.',58,86),
(1118,39,20230028,'Prohibido dar vuelta en “U”.',58,115),
(1119,30,20230028,'30 Kilómetros por hora.',58,88),
(1120,40,20230028,'Prohibido dar vuelta en “U”.',58,118),
(1121,22,20230028,'Sí.',58,64),
(1122,42,20230028,'Sin lugares, pase al siguiente estacionamiento.',59,124),
(1123,5,20230028,'a) Si es o transporta persona con discapacidad.',59,13),
(1124,11,20230028,'Preventiva.',59,32),
(1125,20,20230028,'Verde en máxima velocidad y rojo bajar la velocidad. La luz amarilla dependerá del horario del día.',59,59),
(1126,35,20230028,'Con freno de mano y las llantas en el mismo sentido de la acera.',59,103),
(1127,44,20230028,'En días inhábiles.',59,131),
(1128,32,20230028,'La que resulte necesaria.',59,93),
(1129,36,20230028,'En las aceras, camellones, puentes y en la entrada de vehículos de casas particulares.',59,105),
(1130,41,20230028,'Prohibido doblar a la izquierda.',59,122),
(1131,8,20230028,'Se requieren para pago de refrendo.',59,23),
(1132,1,20230028,'Encender las luces.',59,1),
(1133,18,20230028,'Proponer que cada conductor se haga cargo de los daños de vehículo y retirarse.',59,52),
(1134,24,20230028,'La factura del vehículo.',59,69),
(1135,25,20230028,'Cuando olvide colocarlas en mi vehículo.',59,72),
(1136,45,20230028,'El vehículo será remitido al corralón autorizado y lo pondrá a disposición de la autoridad competente.',59,134),
(1137,40,20230028,'Prohibido dar vuelta en “U”.',59,118),
(1138,46,20230028,'La pavimentada. ',59,136),
(1139,16,20230028,'Sirenas, faros rojos, torretas, luces blancas o aditamentos exclusivos de unidades destinadas a la seguridad pública.',59,46),
(1140,50,20230028,'Falso.',59,148),
(1141,21,20230028,'Preventivas, restrictivas e informativas.',59,61),
(1142,12,20230028,'Vuelta continúa.',60,35),
(1143,49,20230028,'Peatones.',60,144),
(1144,18,20230028,'Llamar al seguro y dirigirse a la agencia.',60,54),
(1145,41,20230028,'Sin estacionamiento.',60,121),
(1146,42,20230028,'Sin lugares, pase al siguiente estacionamiento.',60,124),
(1147,24,20230028,'La tarjeta de circulación.',60,70),
(1148,27,20230028,'Adultos mayores de 65 años.',60,79),
(1149,45,20230028,'Entregar la tarjeta al oficial y recibir la infracción.',60,133),
(1150,30,20230028,'20 kilómetros por hora.',60,87),
(1151,44,20230028,'En días inhábiles.',60,131),
(1152,34,20230028,'Con freno de mano y las llantas en sentido inverso a la acera.',60,99),
(1153,36,20230028,'En zonas de parquímetros.',60,107),
(1154,20,20230028,'Luz verde permitir el paso a los peatones, si no hay quien cruce la calle me puedo pasar. Luz roja alto total y si no hay peatones también me puedo pasar.',60,60),
(1155,8,20230028,'Intransferibles que identifican al vehículo.',60,22),
(1156,10,20230028,'Informativas del destino.',60,28),
(1157,48,20230028,'Utilizar ambos carriles y circular de forma paralela con los vehículos.',60,143),
(1158,37,20230028,'Conductor y acompañante de asiento delantero.',60,110),
(1159,47,20230028,'Es una obligación señalada en el artículo 132 del Reglamento de la Ley de Comunicaciones y Transportes en Materia de Transporte Público y Privado.',60,139),
(1160,33,20230028,'20 centímetros.',60,96),
(1161,17,20230028,'Si observa que uno de los implicados se aleja a alta velocidad, deberá tomar fotografía con su teléfono celular de las placas.',60,50),
(1162,8,20230028,'Para obtención de licencia.',61,24),
(1163,18,20230028,'Tratar de llegar a un acuerdo y en caso negativo, acompañar a la autoridad ante el Agente del Ministerio Público y los vehículos serán remitidos al corralón autorizado.',61,53),
(1164,13,20230028,'Vestiduras, extinguidor y aire acondicionado.',61,39),
(1165,10,20230028,'Informativas del destino.',61,28),
(1166,30,20230028,'Variable dependiendo las indicaciones del agente de tránsito.',61,89),
(1167,4,20230028,'b) Acelera y pasar primero.',61,11),
(1168,22,20230028,'No.',61,65),
(1169,43,20230028,'No hay extinguidor.',61,126),
(1170,16,20230028,'Claxon cuya potencia no lastime los oídos de los transeúntes y conductores.',61,48),
(1171,14,20230028,'Desde que empieza a circular.',61,41),
(1172,50,20230028,'Falso.',61,148),
(1173,15,20230028,'Chip de REPUVE.',61,45),
(1174,25,20230028,'En ningún caso.',61,74),
(1175,39,20230028,'Prohibido dar vuelta en “U”.',61,115),
(1176,27,20230028,'Menores de doce años.',61,78),
(1177,5,20230028,'a) Si es o transporta persona con discapacidad.',61,13),
(1178,31,20230028,'Si.',61,91),
(1179,3,20230028,'c) Infracción y delito.',61,9),
(1180,33,20230028,'La que permita la maniobra de estacionamiento.',61,97),
(1181,12,20230028,'Zona escolar.',61,36),
(1182,33,20230028,'20 centímetros.',62,96),
(1183,22,20230028,'Sí.',62,64),
(1184,10,20230028,'Informativas del destino.',62,28),
(1185,30,20230028,'30 Kilómetros por hora.',62,88),
(1186,47,20230028,'Es una obligación señalada en el artículo 132 del Reglamento de la Ley de Comunicaciones y Transportes en Materia de Transporte Público y Privado.',62,139),
(1187,39,20230028,'Prohibido girar a la izquierda.',62,114),
(1188,11,20230028,'Zona de hospitales.',62,33),
(1189,2,20230028,'c) En la cajuela.',62,6),
(1190,37,20230028,'Conductor y acompañante de asiento delantero.',62,110),
(1191,44,20230028,'En días inhábiles.',62,131),
(1192,24,20230028,'La factura del vehículo.',62,69),
(1193,1,20230028,'Encender las luces.',62,1),
(1194,9,20230028,'El agente de tránsito y el conductor.',62,26),
(1195,6,20230028,'Circulación en doble sentido.',62,18),
(1196,43,20230028,'No hay extinguidor.',62,126),
(1197,35,20230028,'Con freno de mano y las ruedas delanteras en posición inversa a la acera.',62,102),
(1198,13,20230028,'Vestiduras, extinguidor y aire acondicionado.',62,39),
(1199,17,20230028,'Si observa que uno de los implicados se aleja a alta velocidad, deberá tomar fotografía con su teléfono celular de las placas.',62,50),
(1200,34,20230028,'Con freno de mano y las ruedas delanteras dirigidas hacia la acera.',62,100),
(1201,49,20230028,'Personas de la tercera edad.',62,145),
(1202,33,20230028,'La que permita la maniobra de estacionamiento.',63,97),
(1203,26,20230028,'Un metro.',63,76),
(1204,47,20230028,'Es una obligación señalada en el artículo 132 del Reglamento de la Ley de Comunicaciones y Transportes en Materia de Transporte Público y Privado.',63,139),
(1205,12,20230028,'Desviación.',63,34),
(1206,25,20230028,'En ningún caso.',63,74),
(1207,3,20230028,'a) Abuso de autoridad.',63,7),
(1208,11,20230028,'Alto total.',63,31),
(1209,21,20230028,'Para transporte público y privado.',63,63),
(1210,24,20230028,'La factura del vehículo.',63,69),
(1211,28,20230028,'Mantener la misma velocidad.',63,82),
(1212,1,20230028,'Encender las luces.',63,1),
(1213,45,20230028,'Solicitar la corrección en la Secretaría de Comunicaciones y Transportes.',63,132),
(1214,43,20230028,'Sin lugares, pase al siguiente estacionamiento.',63,127),
(1215,19,20230028,'Credencial del INE y placa delantera.',63,55),
(1216,16,20230028,'Sirenas, faros rojos, torretas, luces blancas o aditamentos exclusivos de unidades destinadas a la seguridad pública.',63,46),
(1217,18,20230028,'Llamar al seguro y dirigirse a la agencia.',63,54),
(1218,30,20230028,'20 kilómetros por hora.',63,87),
(1219,34,20230028,'Con freno de mano y las llantas en dirección al sentido de la circulación de la calle.',63,101),
(1220,2,20230028,'a) En el asiento trasero.',63,4),
(1221,22,20230028,'Sí.',63,64),
(1222,18,20230028,'Proponer que cada conductor se haga cargo de los daños de vehículo y retirarse.',64,52),
(1223,27,20230028,'Menores de doce años.',64,78),
(1224,39,20230028,'Prohibido girar a la izquierda.',64,114),
(1225,45,20230028,'El vehículo será remitido al corralón autorizado y lo pondrá a disposición de la autoridad competente.',64,134),
(1226,2,20230028,'a) En el asiento trasero.',64,4),
(1227,25,20230028,'En ningún caso.',64,74),
(1228,47,20230028,'Educación.',64,138),
(1229,35,20230028,'Con freno de mano y las llantas en dirección al sentido de la circulación de la calle.',64,104),
(1230,28,20230028,'Mantener la misma velocidad.',64,82),
(1231,11,20230028,'Preventiva.',64,32),
(1232,1,20230028,'Colocarse el cinturón de seguridad.',64,2),
(1233,4,20230028,'b) Acelera y pasar primero.',64,11),
(1234,10,20230028,'Restrictivas.',64,30),
(1235,32,20230028,'La que resulte necesaria.',64,93),
(1236,6,20230028,'Disminuir velocidad.',64,16),
(1237,31,20230028,'No.',64,90),
(1238,41,20230028,'Seguir de frente.',64,120),
(1239,15,20230028,'Rótulos, carteles u objetos que obstruyan la visibilidad y vidrios polarizados.',64,43),
(1240,33,20230028,'Una distancia prudente.',64,98),
(1241,23,20230028,'Sí, siempre y cuando el conductor no consuma bebidas alcohólicas.',64,66),
(1242,50,20230028,'Cierto.',64,147),
(1243,40,20230028,'Prohibido dar vuelta en “U”.',64,118),
(1244,48,20230028,'Circular por la extrema derecha de la vía respetando la formación de vehículos en tránsito sin colocarse entre dos de ellos.',64,142),
(1245,9,20230028,'El conductor con licencia y tarjeta de circulación.',64,25),
(1246,21,20230028,'Para transporte público y privado.',64,63),
(1247,37,20230028,'Conductor y acompañante de asiento delantero.',64,110),
(1248,36,20230028,'En zonas de parquímetros.',64,107),
(1249,34,20230028,'Con freno de mano y las ruedas delanteras dirigidas hacia la acera.',64,100),
(1250,12,20230028,'Desviación.',64,34),
(1251,30,20230028,'Variable dependiendo las indicaciones del agente de tránsito.',64,89),
(1252,7,20230028,'Legal para no estresarse.',64,19),
(1253,43,20230028,'No hay extinguidor.',64,126),
(1254,8,20230028,'Se requieren para pago de refrendo.',64,23),
(1255,19,20230028,'Dos placas, tarjeta de circulación y licencia.',64,56),
(1256,46,20230028,'Dependiendo la cantidad de tráfico vehicular.',64,135),
(1257,13,20230028,'Verificar niveles, llantas y espejos.',64,37),
(1258,17,20230028,'Seguir su marcha, salvo que las autoridades que estén presentes en el lugar del accidente, soliciten su apoyo.',64,51),
(1259,38,20230028,'Vehículos.',64,112),
(1260,5,20230028,'a) Si es o transporta persona con discapacidad.',64,13),
(1261,26,20230028,'La suficiente para que ingrese un vehículo si busca rebasarme.',64,77),
(1262,40,20230028,'Prohibido dar vuelta en “U”.',65,118),
(1263,41,20230028,'Seguir de frente.',65,120),
(1264,37,20230028,'El conductor.',65,108),
(1265,6,20230028,'Circulación en doble sentido.',65,18),
(1266,44,20230028,'Cuando un tren en marcha se encuentre aproximadamente a doscientos metros del cruce o emita una señal audible.',65,130),
(1267,45,20230028,'Entregar la tarjeta al oficial y recibir la infracción.',65,133),
(1268,10,20230028,'Informativas del destino.',65,28),
(1269,47,20230028,'De caballerosidad para ceder el paso a las mujeres.',65,140),
(1270,11,20230028,'Preventiva.',65,32),
(1271,22,20230028,'No.',65,65),
(1272,32,20230028,'La que resulte necesaria.',65,93),
(1273,19,20230028,'Dos placas, tarjeta de circulación y licencia.',65,56),
(1274,7,20230028,'Causa de detención del vehículo.',65,21),
(1275,46,20230028,'Dependiendo la cantidad de tráfico vehicular.',65,135),
(1276,25,20230028,'En ningún caso.',65,74),
(1277,43,20230028,'Prohibido avanzar.',65,128),
(1278,27,20230028,'Ninguno.',65,80),
(1279,24,20230028,'La tarjeta de circulación.',65,70),
(1280,13,20230028,'Amortiguadores, radio, calefacción.',65,38),
(1281,18,20230028,'Proponer que cada conductor se haga cargo de los daños de vehículo y retirarse.',65,52),
(1282,17,20230028,'Orillarse y usar su unidad para detener el tráfico vehicular.',65,49),
(1283,29,20230028,'40 Kilómetros por hora.',65,84),
(1284,31,20230028,'Si.',65,91),
(1285,36,20230028,'En zonas de parquímetros.',65,107),
(1286,28,20230028,'Mantener la misma velocidad.',65,82),
(1287,42,20230028,'No hay extinguidor.',65,123),
(1288,20,20230028,'Verde en máxima velocidad y rojo bajar la velocidad. La luz amarilla dependerá del horario del día.',65,59),
(1289,23,20230028,'Sí, siempre y cuando el consumo no rebase los límites del alcoholímetro.',65,68),
(1290,50,20230028,'Solo en escuelas de nivel pre escolar y básico.',65,149),
(1291,48,20230028,'Utilizar ambos carriles y circular de forma paralela con los vehículos.',65,143),
(1292,26,20230028,'Cuatro metros.',65,75),
(1293,16,20230028,'Sirenas, faros rojos, torretas, luces blancas o aditamentos exclusivos de unidades destinadas a la seguridad pública.',65,46),
(1294,1,20230028,'Activar la alarma.',65,3),
(1295,35,20230028,'Con freno de mano y las ruedas delanteras en posición inversa a la acera.',65,102),
(1296,30,20230028,'Variable dependiendo las indicaciones del agente de tránsito.',65,89),
(1297,9,20230028,'El agente de tránsito y el conductor.',65,26),
(1298,8,20230028,'Intransferibles que identifican al vehículo.',65,22),
(1299,2,20230028,'b) En el asiento delantero.',65,5),
(1300,49,20230028,'Personas de la tercera edad.',65,145),
(1301,33,20230028,'Una distancia prudente.',65,98),
(1302,39,20230029,'Prohibido dar vuelta en “U”.',66,115),
(1303,33,20230029,'La que permita la maniobra de estacionamiento.',66,97),
(1304,36,20230029,'En estacionamientos.',66,106),
(1305,23,20230029,'Sí, siempre y cuando el conductor no consuma bebidas alcohólicas.',66,66),
(1306,19,20230029,'Placa, tarjeta de circulación o licencia de conducir. Solo una de estas tres.',66,57),
(1307,32,20230029,'La que resulte necesaria.',66,93),
(1308,15,20230029,'Rótulos, carteles u objetos que obstruyan la visibilidad y vidrios polarizados.',66,43),
(1309,7,20230029,'Legal para no estresarse.',66,19),
(1310,40,20230029,'Prohibido dar vuelta en “U”.',66,118),
(1311,46,20230029,'La pavimentada. ',66,136),
(1312,37,20230029,'Todos los que viajen en el auto.',66,109),
(1313,38,20230029,'Vehículos.',66,112),
(1314,16,20230029,'Claxon cuya potencia no lastime los oídos de los transeúntes y conductores.',66,48),
(1315,11,20230029,'Preventiva.',66,32),
(1316,6,20230029,'No estacionarse.',66,17),
(1317,35,20230029,'Con freno de mano y las llantas en el mismo sentido de la acera.',66,103),
(1318,2,20230029,'c) En la cajuela.',66,6),
(1319,8,20230029,'Intransferibles que identifican al vehículo.',66,22),
(1320,30,20230029,'20 kilómetros por hora.',66,87),
(1321,9,20230029,'El agente de tránsito y el conductor.',66,26),
(1322,25,20230029,'Salvo causa justificada que acredite con el documento idóneo.',67,73),
(1323,10,20230029,'Restrictivas.',67,30),
(1324,2,20230029,'a) En el asiento trasero.',67,4),
(1325,35,20230029,'Con freno de mano y las llantas en el mismo sentido de la acera.',67,103),
(1326,23,20230029,'Sí, siempre y cuando el conductor no consuma bebidas alcohólicas.',67,66),
(1327,32,20230029,'Una cuarta parte de la longitud de la calle.',67,95),
(1328,28,20230029,'Aumentar la velocidad.',67,83),
(1329,31,20230029,'Sí, salvo que exista señalamiento que indique lo contrario.',67,92),
(1330,12,20230029,'Vuelta continúa.',67,35),
(1331,24,20230029,'La factura del vehículo.',67,69),
(1332,20,20230029,'Verde: vía libre para el conductor respetando los límites de velocidad establecidos. Rojo: Alto total. Ámbar: precaución ya que está próximo a cambiar el semáforo en rojo.',67,58),
(1333,38,20230029,'Vehículos.',67,112),
(1334,37,20230029,'Todos los que viajen en el auto.',67,109),
(1335,40,20230029,'Prohibido girar a la izquierda.',67,117),
(1336,18,20230029,'Proponer que cada conductor se haga cargo de los daños de vehículo y retirarse.',67,52),
(1337,5,20230029,'c) Si se estaciona sólo por unos cuantos minutos.',67,15),
(1338,44,20230029,'En días inhábiles.',67,131),
(1339,41,20230029,'Seguir de frente.',67,120),
(1340,29,20230029,'20 Kilómetros por hora.',67,86),
(1341,19,20230029,'Dos placas, tarjeta de circulación y licencia.',67,56),
(1342,15,20230029,'Rótulos, carteles u objetos que obstruyan la visibilidad y vidrios polarizados.',68,43),
(1343,2,20230029,'c) En la cajuela.',68,6),
(1344,45,20230029,'El vehículo será remitido al corralón autorizado y lo pondrá a disposición de la autoridad competente.',68,134),
(1345,37,20230029,'Todos los que viajen en el auto.',68,109),
(1346,3,20230029,'c) Infracción y delito.',68,9),
(1347,5,20230029,'c) Si se estaciona sólo por unos cuantos minutos.',68,15),
(1348,35,20230029,'Con freno de mano y las ruedas delanteras en posición inversa a la acera.',68,102),
(1349,40,20230029,'Prohibido dar vuelta en “U”.',68,118),
(1350,41,20230029,'Seguir de frente.',68,120),
(1351,43,20230029,'No hay extinguidor.',68,126),
(1352,8,20230029,'Se requieren para pago de refrendo.',68,23),
(1353,7,20230029,'Infracción a las normas de vialidad.',68,20),
(1354,34,20230029,'Con freno de mano y las ruedas delanteras dirigidas hacia la acera.',68,100),
(1355,14,20230029,'Desde que empieza a circular.',68,41),
(1356,22,20230029,'Sí.',68,64),
(1357,33,20230029,'Una distancia prudente.',68,98),
(1358,23,20230029,'No, conductor y acompañantes deben abstenerse de consumir bebidas alcohólicas.',68,67),
(1359,21,20230029,'Escolares, turísticas y comerciales.',68,62),
(1360,31,20230029,'Si.',68,91),
(1361,50,20230029,'Falso.',68,148),
(1362,12,20230029,'Zona escolar.',69,36),
(1363,39,20230029,'Prohibido dar vuelta en “U”.',69,115),
(1364,50,20230029,'Solo en escuelas de nivel pre escolar y básico.',69,149),
(1365,8,20230029,'Para obtención de licencia.',69,24),
(1366,42,20230029,'Prohibido estacionarse.',69,125),
(1367,10,20230029,'Informativas del destino.',69,28),
(1368,23,20230029,'Sí, siempre y cuando el conductor no consuma bebidas alcohólicas.',69,66),
(1369,47,20230029,'De caballerosidad para ceder el paso a las mujeres.',69,140),
(1370,28,20230029,'Bajar la velocidad.',69,81),
(1371,1,20230029,'Encender las luces.',69,1),
(1372,44,20230029,'Cuándo esté lloviendo.',69,129),
(1373,27,20230029,'Ninguno.',69,80),
(1374,4,20230029,'b) Acelera y pasar primero.',69,11),
(1375,30,20230029,'20 kilómetros por hora.',69,87),
(1376,3,20230029,'c) Infracción y delito.',69,9),
(1377,26,20230029,'Cuatro metros.',69,75),
(1378,24,20230029,'El formato RVS07 que se expide en las delegaciones de la SECTE.',69,71),
(1379,45,20230029,'Solicitar la corrección en la Secretaría de Comunicaciones y Transportes.',69,132),
(1380,19,20230029,'Placa, tarjeta de circulación o licencia de conducir. Solo una de estas tres.',69,57),
(1381,22,20230029,'No.',69,65),
(1382,18,20230029,'Proponer que cada conductor se haga cargo de los daños de vehículo y retirarse.',69,52),
(1383,17,20230029,'Orillarse y usar su unidad para detener el tráfico vehicular.',69,49),
(1384,29,20230029,'20 Kilómetros por hora.',69,86),
(1385,36,20230029,'En las aceras, camellones, puentes y en la entrada de vehículos de casas particulares.',69,105),
(1386,11,20230029,'Alto total.',69,31),
(1387,37,20230029,'Todos los que viajen en el auto.',69,109),
(1388,35,20230029,'Con freno de mano y las ruedas delanteras en posición inversa a la acera.',69,102),
(1389,2,20230029,'b) En el asiento delantero.',69,5),
(1390,15,20230029,'Chip de REPUVE.',69,45),
(1391,9,20230029,'El agente de tránsito y el conductor.',69,26),
(1392,32,20230029,'La que resulte necesaria.',69,93),
(1393,21,20230029,'Escolares, turísticas y comerciales.',69,62),
(1394,25,20230029,'Cuando olvide colocarlas en mi vehículo.',69,72),
(1395,41,20230029,'Prohibido doblar a la izquierda.',69,122),
(1396,33,20230029,'20 centímetros.',69,96),
(1397,6,20230029,'No estacionarse.',69,17),
(1398,40,20230029,'Prohibido dar vuelta en “U”.',69,118),
(1399,49,20230029,'Peatones.',69,144),
(1400,34,20230029,'Con freno de mano y las ruedas delanteras dirigidas hacia la acera.',69,100),
(1401,43,20230029,'Sin lugares, pase al siguiente estacionamiento.',69,127),
(1402,24,20230029,'La tarjeta de circulación.',70,70),
(1403,1,20230029,'Encender las luces.',70,1),
(1404,17,20230029,'Si observa que uno de los implicados se aleja a alta velocidad, deberá tomar fotografía con su teléfono celular de las placas.',70,50),
(1405,26,20230029,'Cuatro metros.',70,75),
(1406,30,20230029,'Variable dependiendo las indicaciones del agente de tránsito.',70,89),
(1407,4,20230029,'a) Bajar la velocidad.',70,10),
(1408,16,20230029,'Sirenas, faros rojos, torretas, luces blancas o aditamentos exclusivos de unidades destinadas a la seguridad pública.',70,46),
(1409,32,20230029,'Una cuarta parte de la longitud de la calle.',70,95),
(1410,40,20230029,'Prohibido dar vuelta en “U”.',70,118),
(1411,22,20230029,'Sí.',70,64),
(1412,6,20230029,'No estacionarse.',70,17),
(1413,21,20230029,'Preventivas, restrictivas e informativas.',70,61),
(1414,3,20230029,'a) Abuso de autoridad.',70,7),
(1415,33,20230029,'Una distancia prudente.',70,98),
(1416,28,20230029,'Bajar la velocidad.',70,81),
(1417,19,20230029,'Credencial del INE y placa delantera.',70,55),
(1418,45,20230029,'Entregar la tarjeta al oficial y recibir la infracción.',70,133),
(1419,43,20230029,'Prohibido avanzar.',70,128),
(1420,48,20230029,'Circular por la extrema derecha de la vía respetando la formación de vehículos en tránsito sin colocarse entre dos de ellos.',70,142),
(1421,2,20230029,'b) En el asiento delantero.',70,5),
(1422,46,20230029,'La pavimentada. ',70,136),
(1423,44,20230029,'Cuándo esté lloviendo.',70,129),
(1424,41,20230029,'Sin estacionamiento.',70,121),
(1425,8,20230029,'Se requieren para pago de refrendo.',70,23),
(1426,38,20230029,'Grúas.',70,113),
(1427,36,20230029,'En zonas de parquímetros.',70,107),
(1428,18,20230029,'Proponer que cada conductor se haga cargo de los daños de vehículo y retirarse.',70,52),
(1429,10,20230029,'Preventivas.',70,29),
(1430,31,20230029,'Si.',70,91),
(1431,27,20230029,'Adultos mayores de 65 años.',70,79),
(1432,25,20230029,'En ningún caso.',70,74),
(1433,35,20230029,'Con freno de mano y las llantas en el mismo sentido de la acera.',70,103),
(1434,50,20230029,'Cierto.',70,147),
(1435,37,20230029,'Conductor y acompañante de asiento delantero.',70,110),
(1436,42,20230029,'Prohibido estacionarse.',70,125),
(1437,14,20230029,'Desde que empieza a circular.',70,41),
(1438,15,20230029,'Propaganda política que te identifique con algún partido político.',70,44),
(1439,5,20230029,'b) Si es el único espacio disponible.',70,14),
(1440,23,20230029,'No, conductor y acompañantes deben abstenerse de consumir bebidas alcohólicas.',70,67),
(1441,13,20230029,'Verificar niveles, llantas y espejos.',70,37),
(1442,27,20230029,'Adultos mayores de 65 años.',71,79),
(1443,30,20230029,'20 kilómetros por hora.',71,87),
(1444,47,20230029,'De caballerosidad para ceder el paso a las mujeres.',71,140),
(1445,6,20230029,'Circulación en doble sentido.',71,18),
(1446,7,20230029,'Causa de detención del vehículo.',71,21),
(1447,11,20230029,'Preventiva.',71,32),
(1448,14,20230029,'Desde que empieza a circular.',71,41),
(1449,20,20230029,'Verde: vía libre para el conductor respetando los límites de velocidad establecidos. Rojo: Alto total. Ámbar: precaución ya que está próximo a cambiar el semáforo en rojo.',71,58),
(1450,23,20230029,'Sí, siempre y cuando el conductor no consuma bebidas alcohólicas.',71,66),
(1451,17,20230029,'Orillarse y usar su unidad para detener el tráfico vehicular.',71,49),
(1452,8,20230029,'Se requieren para pago de refrendo.',71,23),
(1453,49,20230029,'Personas de la tercera edad.',71,145),
(1454,26,20230029,'Cuatro metros.',71,75),
(1455,36,20230029,'En las aceras, camellones, puentes y en la entrada de vehículos de casas particulares.',71,105),
(1456,45,20230029,'Entregar la tarjeta al oficial y recibir la infracción.',71,133),
(1457,33,20230029,'20 centímetros.',71,96),
(1458,42,20230029,'Sin lugares, pase al siguiente estacionamiento.',71,124),
(1459,18,20230029,'Proponer que cada conductor se haga cargo de los daños de vehículo y retirarse.',71,52),
(1460,40,20230029,'Prohibido dar vuelta en “U”.',71,118),
(1461,34,20230029,'Con freno de mano y las ruedas delanteras dirigidas hacia la acera.',71,100),
(1462,46,20230029,'La pavimentada. ',71,136),
(1463,32,20230029,'10 metros.',71,94),
(1464,2,20230029,'b) En el asiento delantero.',71,5),
(1465,44,20230029,'Cuando un tren en marcha se encuentre aproximadamente a doscientos metros del cruce o emita una señal audible.',71,130),
(1466,15,20230029,'Propaganda política que te identifique con algún partido político.',71,44),
(1467,35,20230029,'Con freno de mano y las ruedas delanteras en posición inversa a la acera.',71,102),
(1468,9,20230029,'El conductor con licencia y tarjeta de circulación.',71,25),
(1469,19,20230029,'Dos placas, tarjeta de circulación y licencia.',71,56),
(1470,13,20230029,'Amortiguadores, radio, calefacción.',71,38),
(1471,41,20230029,'Seguir de frente.',71,120),
(1472,37,20230029,'El conductor.',71,108),
(1473,16,20230029,'Claxon cuya potencia no lastime los oídos de los transeúntes y conductores.',71,48),
(1474,39,20230029,'Prohibido girar a la izquierda.',71,114),
(1475,1,20230029,'Colocarse el cinturón de seguridad.',71,2),
(1476,43,20230029,'No hay extinguidor.',71,126),
(1477,4,20230029,'b) Acelera y pasar primero.',71,11),
(1478,48,20230029,'Utilizar ambos carriles y circular de forma paralela con los vehículos.',71,143),
(1479,3,20230029,'b) Ninguna infracción.',71,8),
(1480,24,20230029,'La factura del vehículo.',71,69),
(1481,12,20230029,'Zona escolar.',71,36),
(1482,5,20230030,'c) Si se estaciona sólo por unos cuantos minutos.',72,15),
(1483,14,20230030,'Desde que empieza a circular.',72,41),
(1484,4,20230030,'a) Bajar la velocidad.',72,10),
(1485,25,20230030,'Cuando olvide colocarlas en mi vehículo.',72,72),
(1486,34,20230030,'Con freno de mano y las llantas en sentido inverso a la acera.',72,99),
(1487,23,20230030,'Sí, siempre y cuando el consumo no rebase los límites del alcoholímetro.',72,68),
(1488,16,20230030,'Sirenas, faros rojos, torretas, luces blancas o aditamentos exclusivos de unidades destinadas a la seguridad pública.',72,46),
(1489,44,20230030,'Cuándo esté lloviendo.',72,129),
(1490,7,20230030,'Legal para no estresarse.',72,19),
(1491,37,20230030,'El conductor.',72,108),
(1492,48,20230030,'Circular por la extrema derecha de la vía respetando la formación de vehículos en tránsito sin colocarse entre dos de ellos.',72,142),
(1493,47,20230030,'Educación.',72,138),
(1494,36,20230030,'En estacionamientos.',72,106),
(1495,42,20230030,'Sin lugares, pase al siguiente estacionamiento.',72,124),
(1496,22,20230030,'No.',72,65),
(1497,40,20230030,'Prohibido girar a la izquierda.',72,117),
(1498,20,20230030,'Luz verde permitir el paso a los peatones, si no hay quien cruce la calle me puedo pasar. Luz roja alto total y si no hay peatones también me puedo pasar.',72,60),
(1499,9,20230030,'El agente de tránsito y el conductor.',72,26),
(1500,13,20230030,'Amortiguadores, radio, calefacción.',72,38),
(1501,28,20230030,'Bajar la velocidad.',72,81),
(1502,10,20230030,'Preventivas.',73,29),
(1503,12,20230030,'Desviación.',73,34),
(1504,34,20230030,'Con freno de mano y las ruedas delanteras dirigidas hacia la acera.',73,100),
(1505,18,20230030,'Proponer que cada conductor se haga cargo de los daños de vehículo y retirarse.',73,52),
(1506,41,20230030,'Prohibido doblar a la izquierda.',73,122),
(1507,45,20230030,'Entregar la tarjeta al oficial y recibir la infracción.',73,133),
(1508,30,20230030,'Variable dependiendo las indicaciones del agente de tránsito.',73,89),
(1509,40,20230030,'Prohibido girar a la izquierda.',73,117),
(1510,13,20230030,'Amortiguadores, radio, calefacción.',73,38),
(1511,17,20230030,'Orillarse y usar su unidad para detener el tráfico vehicular.',73,49),
(1512,9,20230030,'Únicamente el agente vial y deberá acercarse por el lado del conductor portando casco y gafete de identificación.',73,27),
(1513,48,20230030,'Transitar en el lado opuesto de la circulación',73,141),
(1514,32,20230030,'La que resulte necesaria.',73,93),
(1515,8,20230030,'Se requieren para pago de refrendo.',73,23),
(1516,29,20230030,'20 Kilómetros por hora.',73,86),
(1517,19,20230030,'Credencial del INE y placa delantera.',73,55),
(1518,11,20230030,'Zona de hospitales.',73,33),
(1519,7,20230030,'Infracción a las normas de vialidad.',73,20),
(1520,5,20230030,'c) Si se estaciona sólo por unos cuantos minutos.',73,15),
(1521,6,20230030,'Disminuir velocidad.',73,16),
(1522,21,20230030,'Escolares, turísticas y comerciales.',74,62),
(1523,5,20230030,'c) Si se estaciona sólo por unos cuantos minutos.',74,15),
(1524,34,20230030,'Con freno de mano y las ruedas delanteras dirigidas hacia la acera.',74,100),
(1525,36,20230030,'En zonas de parquímetros.',74,107),
(1526,50,20230030,'Solo en escuelas de nivel pre escolar y básico.',74,149),
(1527,13,20230030,'Verificar niveles, llantas y espejos.',74,37),
(1528,18,20230030,'Llamar al seguro y dirigirse a la agencia.',74,54),
(1529,23,20230030,'Sí, siempre y cuando el consumo no rebase los límites del alcoholímetro.',74,68),
(1530,40,20230030,'Glorieta con retorno.',74,119),
(1531,1,20230030,'Colocarse el cinturón de seguridad.',74,2),
(1532,11,20230030,'Zona de hospitales.',74,33),
(1533,37,20230030,'Conductor y acompañante de asiento delantero.',74,110),
(1534,3,20230030,'c) Infracción y delito.',74,9),
(1535,38,20230030,'Vehículos.',74,112),
(1536,49,20230030,'Vehículos particulares.',74,146),
(1537,31,20230030,'Si.',74,91),
(1538,39,20230030,'Prohibido dar vuelta en “U”.',74,115),
(1539,44,20230030,'Cuándo esté lloviendo.',74,129),
(1540,27,20230030,'Ninguno.',74,80),
(1541,32,20230030,'Una cuarta parte de la longitud de la calle.',74,95),
(1542,2,20230030,'c) En la cajuela.',75,6),
(1543,41,20230030,'Prohibido doblar a la izquierda.',75,122),
(1544,34,20230030,'Con freno de mano y las llantas en dirección al sentido de la circulación de la calle.',75,101),
(1545,4,20230030,'c) Permitirle el paso, colocarse en el extremo de la vialidad y hacer alto total.',75,12),
(1546,11,20230030,'Alto total.',75,31),
(1547,14,20230030,'Cuando circule por intersecciones.',75,42),
(1548,13,20230030,'Amortiguadores, radio, calefacción.',75,38),
(1549,17,20230030,'Si observa que uno de los implicados se aleja a alta velocidad, deberá tomar fotografía con su teléfono celular de las placas.',75,50),
(1550,16,20230030,'Cuartos delanteros de luz ámbar y traseros de luz roja.',75,47),
(1551,49,20230030,'Personas de la tercera edad.',75,145),
(1552,19,20230030,'Placa, tarjeta de circulación o licencia de conducir. Solo una de estas tres.',75,57),
(1553,46,20230030,'La pavimentada. ',75,136),
(1554,26,20230030,'Cuatro metros.',75,75),
(1555,47,20230030,'Educación.',75,138),
(1556,6,20230030,'No estacionarse.',75,17),
(1557,22,20230030,'No.',75,65),
(1558,45,20230030,'Entregar la tarjeta al oficial y recibir la infracción.',75,133),
(1559,7,20230030,'Legal para no estresarse.',75,19),
(1560,32,20230030,'La que resulte necesaria.',75,93),
(1561,10,20230030,'Restrictivas.',75,30),
(1562,8,20230030,'Se requieren para pago de refrendo.',75,23),
(1563,33,20230030,'20 centímetros.',75,96),
(1564,21,20230030,'Escolares, turísticas y comerciales.',75,62),
(1565,44,20230030,'En días inhábiles.',75,131),
(1566,23,20230030,'Sí, siempre y cuando el conductor no consuma bebidas alcohólicas.',75,66),
(1567,39,20230030,'Prohibido dar vuelta en “U”.',75,115),
(1568,20,20230030,'Verde en máxima velocidad y rojo bajar la velocidad. La luz amarilla dependerá del horario del día.',75,59),
(1569,42,20230030,'Prohibido estacionarse.',75,125),
(1570,37,20230030,'Conductor y acompañante de asiento delantero.',75,110),
(1571,25,20230030,'En ningún caso.',75,74),
(1572,48,20230030,'Transitar en el lado opuesto de la circulación',75,141),
(1573,38,20230030,'Vehículos.',75,112),
(1574,40,20230030,'Prohibido dar vuelta en “U”.',75,118),
(1575,18,20230030,'Llamar al seguro y dirigirse a la agencia.',75,54),
(1576,50,20230030,'Solo en escuelas de nivel pre escolar y básico.',75,149),
(1577,31,20230030,'Si.',75,91),
(1578,30,20230030,'20 kilómetros por hora.',75,87),
(1579,36,20230030,'En estacionamientos.',75,106),
(1580,9,20230030,'El conductor con licencia y tarjeta de circulación.',75,25),
(1581,27,20230030,'Menores de doce años.',75,78),
(1582,24,20230030,'La factura del vehículo.',76,69),
(1583,44,20230030,'Cuando un tren en marcha se encuentre aproximadamente a doscientos metros del cruce o emita una señal audible.',76,130),
(1584,23,20230030,'Sí, siempre y cuando el consumo no rebase los límites del alcoholímetro.',76,68),
(1585,37,20230030,'Todos los que viajen en el auto.',76,109),
(1586,35,20230030,'Con freno de mano y las llantas en dirección al sentido de la circulación de la calle.',76,104),
(1587,10,20230030,'Informativas del destino.',76,28),
(1588,20,20230030,'Verde en máxima velocidad y rojo bajar la velocidad. La luz amarilla dependerá del horario del día.',76,59),
(1589,6,20230030,'No estacionarse.',76,17),
(1590,11,20230030,'Zona de hospitales.',76,33),
(1591,25,20230030,'En ningún caso.',76,74),
(1592,32,20230030,'La que resulte necesaria.',76,93),
(1593,21,20230030,'Para transporte público y privado.',76,63),
(1594,7,20230030,'Legal para no estresarse.',76,19),
(1595,9,20230030,'El conductor con licencia y tarjeta de circulación.',76,25),
(1596,15,20230030,'Chip de REPUVE.',76,45),
(1597,38,20230030,'Grúas.',76,113),
(1598,12,20230030,'Vuelta continúa.',76,35),
(1599,2,20230030,'b) En el asiento delantero.',76,5),
(1600,1,20230030,'Activar la alarma.',76,3),
(1601,47,20230030,'Es una obligación señalada en el artículo 132 del Reglamento de la Ley de Comunicaciones y Transportes en Materia de Transporte Público y Privado.',76,139),
(1602,33,20230030,'Una distancia prudente.',76,98),
(1603,16,20230030,'Cuartos delanteros de luz ámbar y traseros de luz roja.',76,47),
(1604,49,20230030,'Personas de la tercera edad.',76,145),
(1605,39,20230030,'Prohibido girar a la izquierda.',76,114),
(1606,22,20230030,'Sí.',76,64),
(1607,3,20230030,'a) Abuso de autoridad.',76,7),
(1608,13,20230030,'Vestiduras, extinguidor y aire acondicionado.',76,39),
(1609,50,20230030,'Solo en escuelas de nivel pre escolar y básico.',76,149),
(1610,27,20230030,'Adultos mayores de 65 años.',76,79),
(1611,48,20230030,'Circular por la extrema derecha de la vía respetando la formación de vehículos en tránsito sin colocarse entre dos de ellos.',76,142),
(1612,34,20230030,'Con freno de mano y las llantas en sentido inverso a la acera.',76,99),
(1613,40,20230030,'Glorieta con retorno.',76,119),
(1614,36,20230030,'En estacionamientos.',76,106),
(1615,28,20230030,'Aumentar la velocidad.',76,83),
(1616,42,20230030,'Prohibido estacionarse.',76,125),
(1617,19,20230030,'Credencial del INE y placa delantera.',76,55),
(1618,30,20230030,'30 Kilómetros por hora.',76,88),
(1619,43,20230030,'Prohibido avanzar.',76,128),
(1620,41,20230030,'Seguir de frente.',76,120),
(1621,45,20230030,'El vehículo será remitido al corralón autorizado y lo pondrá a disposición de la autoridad competente.',76,134),
(1622,24,20230030,'La factura del vehículo.',77,69),
(1623,6,20230030,'No estacionarse.',77,17),
(1624,49,20230030,'Personas de la tercera edad.',77,145),
(1625,20,20230030,'Verde: vía libre para el conductor respetando los límites de velocidad establecidos. Rojo: Alto total. Ámbar: precaución ya que está próximo a cambiar el semáforo en rojo.',77,58),
(1626,19,20230030,'Placa, tarjeta de circulación o licencia de conducir. Solo una de estas tres.',77,57),
(1627,36,20230030,'En zonas de parquímetros.',77,107),
(1628,46,20230030,'La pavimentada. ',77,136),
(1629,17,20230030,'Orillarse y usar su unidad para detener el tráfico vehicular.',77,49),
(1630,45,20230030,'Entregar la tarjeta al oficial y recibir la infracción.',77,133),
(1631,33,20230030,'20 centímetros.',77,96),
(1632,22,20230030,'No.',77,65),
(1633,27,20230030,'Adultos mayores de 65 años.',77,79),
(1634,34,20230030,'Con freno de mano y las llantas en sentido inverso a la acera.',77,99),
(1635,41,20230030,'Prohibido doblar a la izquierda.',77,122),
(1636,50,20230030,'Solo en escuelas de nivel pre escolar y básico.',77,149),
(1637,30,20230030,'20 kilómetros por hora.',77,87),
(1638,40,20230030,'Glorieta con retorno.',77,119),
(1639,4,20230030,'b) Acelera y pasar primero.',77,11),
(1640,47,20230030,'De caballerosidad para ceder el paso a las mujeres.',77,140),
(1641,26,20230030,'Cuatro metros.',77,75),
(1642,43,20230030,'Sin lugares, pase al siguiente estacionamiento.',77,127),
(1643,28,20230030,'Aumentar la velocidad.',77,83),
(1644,31,20230030,'Si.',77,91),
(1645,38,20230030,'Peatones.',77,111),
(1646,18,20230030,'Tratar de llegar a un acuerdo y en caso negativo, acompañar a la autoridad ante el Agente del Ministerio Público y los vehículos serán remitidos al corralón autorizado.',77,53),
(1647,8,20230030,'Se requieren para pago de refrendo.',77,23),
(1648,29,20230030,'20 Kilómetros por hora.',77,86),
(1649,11,20230030,'Alto total.',77,31),
(1650,42,20230030,'Sin lugares, pase al siguiente estacionamiento.',77,124),
(1651,2,20230030,'a) En el asiento trasero.',77,4),
(1652,1,20230030,'Encender las luces.',77,1),
(1653,23,20230030,'Sí, siempre y cuando el consumo no rebase los límites del alcoholímetro.',77,68),
(1654,37,20230030,'El conductor.',77,108),
(1655,3,20230030,'a) Abuso de autoridad.',77,7),
(1656,13,20230030,'Amortiguadores, radio, calefacción.',77,38),
(1657,7,20230030,'Legal para no estresarse.',77,19),
(1658,44,20230030,'Cuando un tren en marcha se encuentre aproximadamente a doscientos metros del cruce o emita una señal audible.',77,130),
(1659,15,20230030,'Propaganda política que te identifique con algún partido político.',77,44),
(1660,16,20230030,'Cuartos delanteros de luz ámbar y traseros de luz roja.',77,47),
(1661,48,20230030,'Transitar en el lado opuesto de la circulación',77,141),
(1662,3,20230031,'c) Infracción y delito.',78,9),
(1663,29,20230031,'20 Kilómetros por hora.',78,86),
(1664,23,20230031,'Sí, siempre y cuando el conductor no consuma bebidas alcohólicas.',78,66),
(1665,47,20230031,'Es una obligación señalada en el artículo 132 del Reglamento de la Ley de Comunicaciones y Transportes en Materia de Transporte Público y Privado.',78,139),
(1666,10,20230031,'Restrictivas.',78,30),
(1667,30,20230031,'30 Kilómetros por hora.',78,88),
(1668,35,20230031,'Con freno de mano y las ruedas delanteras en posición inversa a la acera.',78,102),
(1669,48,20230031,'Utilizar ambos carriles y circular de forma paralela con los vehículos.',78,143),
(1670,26,20230031,'La suficiente para que ingrese un vehículo si busca rebasarme.',78,77),
(1671,42,20230031,'Prohibido estacionarse.',78,125),
(1672,38,20230031,'Peatones.',78,111),
(1673,41,20230031,'Prohibido doblar a la izquierda.',78,122),
(1674,5,20230031,'b) Si es el único espacio disponible.',78,14),
(1675,31,20230031,'No.',78,90),
(1676,19,20230031,'Placa, tarjeta de circulación o licencia de conducir. Solo una de estas tres.',78,57),
(1677,39,20230031,'Obras en proceso de construcción.',78,116),
(1678,4,20230031,'a) Bajar la velocidad.',78,10),
(1679,22,20230031,'Sí.',78,64),
(1680,15,20230031,'Propaganda política que te identifique con algún partido político.',78,44),
(1681,36,20230031,'En estacionamientos.',78,106),
(1682,46,20230031,'Dependiendo la cantidad de tráfico vehicular.',79,135),
(1683,11,20230031,'Zona de hospitales.',79,33),
(1684,16,20230031,'Claxon cuya potencia no lastime los oídos de los transeúntes y conductores.',79,48),
(1685,49,20230031,'Vehículos particulares.',79,146),
(1686,32,20230031,'La que resulte necesaria.',79,93),
(1687,42,20230031,'Prohibido estacionarse.',79,125),
(1688,29,20230031,'60 Kilómetros por hora.',79,85),
(1689,14,20230031,'Desde que empieza a circular.',79,41),
(1690,48,20230031,'Utilizar ambos carriles y circular de forma paralela con los vehículos.',79,143),
(1691,21,20230031,'Escolares, turísticas y comerciales.',79,62),
(1692,20,20230031,'Verde en máxima velocidad y rojo bajar la velocidad. La luz amarilla dependerá del horario del día.',79,59),
(1693,26,20230031,'Cuatro metros.',79,75),
(1694,45,20230031,'El vehículo será remitido al corralón autorizado y lo pondrá a disposición de la autoridad competente.',79,134),
(1695,47,20230031,'Es una obligación señalada en el artículo 132 del Reglamento de la Ley de Comunicaciones y Transportes en Materia de Transporte Público y Privado.',79,139),
(1696,43,20230031,'Prohibido avanzar.',79,128),
(1697,44,20230031,'Cuando un tren en marcha se encuentre aproximadamente a doscientos metros del cruce o emita una señal audible.',79,130),
(1698,34,20230031,'Con freno de mano y las llantas en dirección al sentido de la circulación de la calle.',79,101),
(1699,1,20230031,'Activar la alarma.',79,3),
(1700,4,20230031,'a) Bajar la velocidad.',79,10),
(1701,15,20230031,'Rótulos, carteles u objetos que obstruyan la visibilidad y vidrios polarizados.',79,43),
(1702,12,20230031,'Vuelta continúa.',79,35),
(1703,31,20230031,'No.',79,90),
(1704,7,20230031,'Infracción a las normas de vialidad.',79,20),
(1705,13,20230031,'Amortiguadores, radio, calefacción.',79,38),
(1706,3,20230031,'c) Infracción y delito.',79,9),
(1707,28,20230031,'Mantener la misma velocidad.',79,82),
(1708,35,20230031,'Con freno de mano y las llantas en dirección al sentido de la circulación de la calle.',79,104),
(1709,9,20230031,'El agente de tránsito y el conductor.',79,26),
(1710,19,20230031,'Placa, tarjeta de circulación o licencia de conducir. Solo una de estas tres.',79,57),
(1711,6,20230031,'No estacionarse.',79,17),
(1712,30,20230031,'Variable dependiendo las indicaciones del agente de tránsito.',79,89),
(1713,18,20230031,'Llamar al seguro y dirigirse a la agencia.',79,54),
(1714,41,20230031,'Sin estacionamiento.',79,121),
(1715,33,20230031,'La que permita la maniobra de estacionamiento.',79,97),
(1716,27,20230031,'Ninguno.',79,80),
(1717,10,20230031,'Restrictivas.',79,30),
(1718,22,20230031,'No.',79,65),
(1719,37,20230031,'El conductor.',79,108),
(1720,17,20230031,'Seguir su marcha, salvo que las autoridades que estén presentes en el lugar del accidente, soliciten su apoyo.',79,51),
(1721,36,20230031,'En las aceras, camellones, puentes y en la entrada de vehículos de casas particulares.',79,105),
(1722,23,20230032,'Sí, siempre y cuando el consumo no rebase los límites del alcoholímetro.',80,68),
(1723,37,20230032,'El conductor.',80,108),
(1724,6,20230032,'No estacionarse.',80,17),
(1725,50,20230032,'Cierto.',80,147),
(1726,1,20230032,'Encender las luces.',80,1),
(1727,45,20230032,'Entregar la tarjeta al oficial y recibir la infracción.',80,133),
(1728,47,20230032,'Educación.',80,138),
(1729,20,20230032,'Verde: vía libre para el conductor respetando los límites de velocidad establecidos. Rojo: Alto total. Ámbar: precaución ya que está próximo a cambiar el semáforo en rojo.',80,58),
(1730,36,20230032,'En las aceras, camellones, puentes y en la entrada de vehículos de casas particulares.',80,105),
(1731,25,20230032,'Salvo causa justificada que acredite con el documento idóneo.',80,73),
(1732,28,20230032,'Mantener la misma velocidad.',80,82),
(1733,15,20230032,'Chip de REPUVE.',80,45),
(1734,43,20230032,'No hay extinguidor.',80,126),
(1735,35,20230032,'Con freno de mano y las llantas en dirección al sentido de la circulación de la calle.',80,104),
(1736,3,20230032,'b) Ninguna infracción.',80,8),
(1737,30,20230032,'Variable dependiendo las indicaciones del agente de tránsito.',80,89),
(1738,49,20230032,'Peatones.',80,144),
(1739,27,20230032,'Menores de doce años.',80,78),
(1740,7,20230032,'Causa de detención del vehículo.',80,21),
(1741,17,20230032,'Seguir su marcha, salvo que las autoridades que estén presentes en el lugar del accidente, soliciten su apoyo.',80,51),
(1742,8,20230032,'Intransferibles que identifican al vehículo.',81,22),
(1743,34,20230032,'Con freno de mano y las llantas en dirección al sentido de la circulación de la calle.',81,101),
(1744,45,20230032,'Solicitar la corrección en la Secretaría de Comunicaciones y Transportes.',81,132),
(1745,27,20230032,'Ninguno.',81,80),
(1746,4,20230032,'b) Acelera y pasar primero.',81,11),
(1747,38,20230032,'Grúas.',81,113),
(1748,2,20230032,'a) En el asiento trasero.',81,4),
(1749,11,20230032,'Alto total.',81,31),
(1750,44,20230032,'En días inhábiles.',81,131),
(1751,24,20230032,'La tarjeta de circulación.',81,70),
(1752,3,20230032,'b) Ninguna infracción.',81,8),
(1753,7,20230032,'Causa de detención del vehículo.',81,21),
(1754,50,20230032,'Falso.',81,148),
(1755,26,20230032,'Cuatro metros.',81,75),
(1756,49,20230032,'Peatones.',81,144),
(1757,15,20230032,'Propaganda política que te identifique con algún partido político.',81,44),
(1758,6,20230032,'Circulación en doble sentido.',81,18),
(1759,36,20230032,'En estacionamientos.',81,106),
(1760,48,20230032,'Circular por la extrema derecha de la vía respetando la formación de vehículos en tránsito sin colocarse entre dos de ellos.',81,142),
(1761,32,20230032,'Una cuarta parte de la longitud de la calle.',81,95),
(1762,1,20230032,'Activar la alarma.',81,3),
(1763,43,20230032,'No hay extinguidor.',81,126),
(1764,42,20230032,'No hay extinguidor.',81,123),
(1765,14,20230032,'Desde que empieza a circular.',81,41),
(1766,47,20230032,'Educación.',81,138),
(1767,28,20230032,'Aumentar la velocidad.',81,83),
(1768,39,20230032,'Prohibido dar vuelta en “U”.',81,115),
(1769,30,20230032,'20 kilómetros por hora.',81,87),
(1770,25,20230032,'En ningún caso.',81,74),
(1771,5,20230032,'c) Si se estaciona sólo por unos cuantos minutos.',81,15),
(1772,19,20230032,'Placa, tarjeta de circulación o licencia de conducir. Solo una de estas tres.',81,57),
(1773,17,20230032,'Orillarse y usar su unidad para detener el tráfico vehicular.',81,49),
(1774,37,20230032,'El conductor.',81,108),
(1775,13,20230032,'Vestiduras, extinguidor y aire acondicionado.',81,39),
(1776,18,20230032,'Tratar de llegar a un acuerdo y en caso negativo, acompañar a la autoridad ante el Agente del Ministerio Público y los vehículos serán remitidos al corralón autorizado.',81,53),
(1777,40,20230032,'Prohibido girar a la izquierda.',81,117),
(1778,10,20230032,'Informativas del destino.',81,28),
(1779,21,20230032,'Para transporte público y privado.',81,63),
(1780,46,20230032,'La pavimentada. ',81,136),
(1781,9,20230032,'Únicamente el agente vial y deberá acercarse por el lado del conductor portando casco y gafete de identificación.',81,27),
(1782,41,20230032,'Prohibido doblar a la izquierda.',82,122),
(1783,20,20230032,'Luz verde permitir el paso a los peatones, si no hay quien cruce la calle me puedo pasar. Luz roja alto total y si no hay peatones también me puedo pasar.',82,60),
(1784,16,20230032,'Cuartos delanteros de luz ámbar y traseros de luz roja.',82,47),
(1785,9,20230032,'Únicamente el agente vial y deberá acercarse por el lado del conductor portando casco y gafete de identificación.',82,27),
(1786,11,20230032,'Preventiva.',82,32),
(1787,35,20230032,'Con freno de mano y las llantas en el mismo sentido de la acera.',82,103),
(1788,3,20230032,'c) Infracción y delito.',82,9),
(1789,22,20230032,'No.',82,65),
(1790,44,20230032,'En días inhábiles.',82,131),
(1791,32,20230032,'Una cuarta parte de la longitud de la calle.',82,95),
(1792,31,20230032,'Si.',82,91),
(1793,40,20230032,'Prohibido dar vuelta en “U”.',82,118),
(1794,2,20230032,'c) En la cajuela.',82,6),
(1795,10,20230032,'Preventivas.',82,29),
(1796,37,20230032,'Todos los que viajen en el auto.',82,109),
(1797,6,20230032,'No estacionarse.',82,17),
(1798,19,20230032,'Credencial del INE y placa delantera.',82,55),
(1799,39,20230032,'Prohibido dar vuelta en “U”.',82,115),
(1800,45,20230032,'El vehículo será remitido al corralón autorizado y lo pondrá a disposición de la autoridad competente.',82,134),
(1801,17,20230032,'Seguir su marcha, salvo que las autoridades que estén presentes en el lugar del accidente, soliciten su apoyo.',82,51),
(1802,4,20230032,'b) Acelera y pasar primero.',82,11),
(1803,5,20230032,'c) Si se estaciona sólo por unos cuantos minutos.',82,15),
(1804,36,20230032,'En las aceras, camellones, puentes y en la entrada de vehículos de casas particulares.',82,105),
(1805,23,20230032,'Sí, siempre y cuando el conductor no consuma bebidas alcohólicas.',82,66),
(1806,24,20230032,'La tarjeta de circulación.',82,70),
(1807,49,20230032,'Vehículos particulares.',82,146),
(1808,21,20230032,'Escolares, turísticas y comerciales.',82,62),
(1809,26,20230032,'Cuatro metros.',82,75),
(1810,27,20230032,'Ninguno.',82,80),
(1811,28,20230032,'Bajar la velocidad.',82,81),
(1812,7,20230032,'Legal para no estresarse.',82,19),
(1813,42,20230032,'No hay extinguidor.',82,123),
(1814,50,20230032,'Cierto.',82,147),
(1815,13,20230032,'Vestiduras, extinguidor y aire acondicionado.',82,39),
(1816,25,20230032,'Cuando olvide colocarlas en mi vehículo.',82,72),
(1817,47,20230032,'Es una obligación señalada en el artículo 132 del Reglamento de la Ley de Comunicaciones y Transportes en Materia de Transporte Público y Privado.',82,139),
(1818,33,20230032,'La que permita la maniobra de estacionamiento.',82,97),
(1819,12,20230032,'Desviación.',82,34),
(1820,38,20230032,'Grúas.',82,113),
(1821,30,20230032,'Variable dependiendo las indicaciones del agente de tránsito.',82,89),
(1822,10,20230033,'Informativas del destino.',83,28),
(1823,33,20230033,'Una distancia prudente.',83,98),
(1824,28,20230033,'Aumentar la velocidad.',83,83),
(1825,13,20230033,'Verificar niveles, llantas y espejos.',83,37),
(1826,3,20230033,'a) Abuso de autoridad.',83,7),
(1827,40,20230033,'Glorieta con retorno.',83,119),
(1828,2,20230033,'a) En el asiento trasero.',83,4),
(1829,29,20230033,'20 Kilómetros por hora.',83,86),
(1830,45,20230033,'El vehículo será remitido al corralón autorizado y lo pondrá a disposición de la autoridad competente.',83,134),
(1831,36,20230033,'En zonas de parquímetros.',83,107),
(1832,25,20230033,'En ningún caso.',83,74),
(1833,9,20230033,'Únicamente el agente vial y deberá acercarse por el lado del conductor portando casco y gafete de identificación.',83,27),
(1834,38,20230033,'Vehículos.',83,112),
(1835,14,20230033,'Cuando circule por intersecciones.',83,42),
(1836,41,20230033,'Seguir de frente.',83,120),
(1837,42,20230033,'Sin lugares, pase al siguiente estacionamiento.',83,124),
(1838,16,20230033,'Cuartos delanteros de luz ámbar y traseros de luz roja.',83,47),
(1839,35,20230033,'Con freno de mano y las ruedas delanteras en posición inversa a la acera.',83,102),
(1840,11,20230033,'Alto total.',83,31),
(1841,49,20230033,'Peatones.',83,144),
(1842,49,20230033,'Vehículos particulares.',84,146),
(1843,36,20230033,'En estacionamientos.',84,106),
(1844,48,20230033,'Circular por la extrema derecha de la vía respetando la formación de vehículos en tránsito sin colocarse entre dos de ellos.',84,142),
(1845,10,20230033,'Restrictivas.',84,30),
(1846,17,20230033,'Seguir su marcha, salvo que las autoridades que estén presentes en el lugar del accidente, soliciten su apoyo.',84,51),
(1847,24,20230033,'La tarjeta de circulación.',84,70),
(1848,21,20230033,'Para transporte público y privado.',84,63),
(1849,16,20230033,'Claxon cuya potencia no lastime los oídos de los transeúntes y conductores.',84,48),
(1850,44,20230033,'Cuándo esté lloviendo.',84,129),
(1851,5,20230033,'b) Si es el único espacio disponible.',84,14),
(1852,29,20230033,'40 Kilómetros por hora.',84,84),
(1853,11,20230033,'Alto total.',84,31),
(1854,33,20230033,'20 centímetros.',84,96),
(1855,28,20230033,'Bajar la velocidad.',84,81),
(1856,43,20230033,'Prohibido avanzar.',84,128),
(1857,3,20230033,'b) Ninguna infracción.',84,8),
(1858,12,20230033,'Zona escolar.',84,36),
(1859,45,20230033,'El vehículo será remitido al corralón autorizado y lo pondrá a disposición de la autoridad competente.',84,134),
(1860,31,20230033,'No.',84,90),
(1861,42,20230033,'Sin lugares, pase al siguiente estacionamiento.',84,124),
(1862,39,20230033,'Obras en proceso de construcción.',85,116),
(1863,4,20230033,'a) Bajar la velocidad.',85,10),
(1864,13,20230033,'Vestiduras, extinguidor y aire acondicionado.',85,39),
(1865,5,20230033,'a) Si es o transporta persona con discapacidad.',85,13),
(1866,2,20230033,'a) En el asiento trasero.',85,4),
(1867,19,20230033,'Credencial del INE y placa delantera.',85,55),
(1868,47,20230033,'Educación.',85,138),
(1869,12,20230033,'Zona escolar.',85,36),
(1870,11,20230033,'Zona de hospitales.',85,33),
(1871,28,20230033,'Bajar la velocidad.',85,81),
(1872,3,20230033,'b) Ninguna infracción.',85,8),
(1873,40,20230033,'Prohibido dar vuelta en “U”.',85,118),
(1874,43,20230033,'No hay extinguidor.',85,126),
(1875,9,20230033,'El agente de tránsito y el conductor.',85,26),
(1876,36,20230033,'En las aceras, camellones, puentes y en la entrada de vehículos de casas particulares.',85,105),
(1877,49,20230033,'Vehículos particulares.',85,146),
(1878,33,20230033,'20 centímetros.',85,96),
(1879,30,20230033,'30 Kilómetros por hora.',85,88),
(1880,21,20230033,'Para transporte público y privado.',85,63),
(1881,42,20230033,'Prohibido estacionarse.',85,125),
(1882,31,20230033,'Si.',86,91),
(1883,24,20230033,'El formato RVS07 que se expide en las delegaciones de la SECTE.',86,71),
(1884,12,20230033,'Zona escolar.',86,36),
(1885,48,20230033,'Utilizar ambos carriles y circular de forma paralela con los vehículos.',86,143),
(1886,33,20230033,'Una distancia prudente.',86,98),
(1887,36,20230033,'En zonas de parquímetros.',86,107),
(1888,42,20230033,'No hay extinguidor.',86,123),
(1889,50,20230033,'Cierto.',86,147),
(1890,4,20230033,'b) Acelera y pasar primero.',86,11),
(1891,39,20230033,'Prohibido girar a la izquierda.',86,114),
(1892,35,20230033,'Con freno de mano y las ruedas delanteras en posición inversa a la acera.',86,102),
(1893,16,20230033,'Claxon cuya potencia no lastime los oídos de los transeúntes y conductores.',86,48),
(1894,47,20230033,'De caballerosidad para ceder el paso a las mujeres.',86,140),
(1895,41,20230033,'Prohibido doblar a la izquierda.',86,122),
(1896,13,20230033,'Vestiduras, extinguidor y aire acondicionado.',86,39),
(1897,28,20230033,'Mantener la misma velocidad.',86,82),
(1898,49,20230033,'Vehículos particulares.',86,146),
(1899,46,20230033,'La pavimentada. ',86,136),
(1900,18,20230033,'Tratar de llegar a un acuerdo y en caso negativo, acompañar a la autoridad ante el Agente del Ministerio Público y los vehículos serán remitidos al corralón autorizado.',86,53),
(1901,17,20230033,'Si observa que uno de los implicados se aleja a alta velocidad, deberá tomar fotografía con su teléfono celular de las placas.',86,50),
(1902,43,20230033,'Sin lugares, pase al siguiente estacionamiento.',87,127),
(1903,20,20230033,'Verde en máxima velocidad y rojo bajar la velocidad. La luz amarilla dependerá del horario del día.',87,59),
(1904,33,20230033,'La que permita la maniobra de estacionamiento.',87,97),
(1905,22,20230033,'No.',87,65),
(1906,8,20230033,'Para obtención de licencia.',87,24),
(1907,31,20230033,'Si.',87,91),
(1908,29,20230033,'20 Kilómetros por hora.',87,86),
(1909,46,20230033,'La de terracería.',87,137),
(1910,38,20230033,'Peatones.',87,111),
(1911,45,20230033,'Entregar la tarjeta al oficial y recibir la infracción.',87,133),
(1912,17,20230033,'Orillarse y usar su unidad para detener el tráfico vehicular.',87,49),
(1913,26,20230033,'Cuatro metros.',87,75),
(1914,2,20230033,'a) En el asiento trasero.',87,4),
(1915,12,20230033,'Zona escolar.',87,36),
(1916,25,20230033,'Cuando olvide colocarlas en mi vehículo.',87,72),
(1917,28,20230033,'Mantener la misma velocidad.',87,82),
(1918,23,20230033,'No, conductor y acompañantes deben abstenerse de consumir bebidas alcohólicas.',87,67),
(1919,30,20230033,'Variable dependiendo las indicaciones del agente de tránsito.',87,89),
(1920,1,20230033,'Encender las luces.',87,1),
(1921,14,20230033,'Desde que empiece a oscurecer, de noche, o cuando no haya suficiente visibilidad en el día.',87,40),
(1922,35,20230033,'Con freno de mano y las llantas en dirección al sentido de la circulación de la calle.',87,104),
(1923,50,20230033,'Cierto.',87,147),
(1924,41,20230033,'Seguir de frente.',87,120),
(1925,34,20230033,'Con freno de mano y las ruedas delanteras dirigidas hacia la acera.',87,100),
(1926,5,20230033,'a) Si es o transporta persona con discapacidad.',87,13),
(1927,42,20230033,'Sin lugares, pase al siguiente estacionamiento.',87,124),
(1928,13,20230033,'Amortiguadores, radio, calefacción.',87,38),
(1929,21,20230033,'Para transporte público y privado.',87,63),
(1930,15,20230033,'Chip de REPUVE.',87,45),
(1931,49,20230033,'Peatones.',87,144),
(1932,32,20230033,'10 metros.',87,94),
(1933,18,20230033,'Proponer que cada conductor se haga cargo de los daños de vehículo y retirarse.',87,52),
(1934,11,20230033,'Zona de hospitales.',87,33),
(1935,40,20230033,'Prohibido dar vuelta en “U”.',87,118),
(1936,47,20230033,'Es una obligación señalada en el artículo 132 del Reglamento de la Ley de Comunicaciones y Transportes en Materia de Transporte Público y Privado.',87,139),
(1937,4,20230033,'b) Acelera y pasar primero.',87,11),
(1938,16,20230033,'Sirenas, faros rojos, torretas, luces blancas o aditamentos exclusivos de unidades destinadas a la seguridad pública.',87,46),
(1939,36,20230033,'En zonas de parquímetros.',87,107),
(1940,27,20230033,'Ninguno.',87,80),
(1941,24,20230033,'La tarjeta de circulación.',87,70),
(1942,34,20230033,'Con freno de mano y las ruedas delanteras dirigidas hacia la acera.',88,100),
(1943,19,20230033,'Dos placas, tarjeta de circulación y licencia.',88,56),
(1944,49,20230033,'Personas de la tercera edad.',88,145),
(1945,50,20230033,'Falso.',88,148),
(1946,33,20230033,'Una distancia prudente.',88,98),
(1947,1,20230033,'Encender las luces.',88,1),
(1948,13,20230033,'Vestiduras, extinguidor y aire acondicionado.',88,39),
(1949,30,20230033,'20 kilómetros por hora.',88,87),
(1950,35,20230033,'Con freno de mano y las llantas en el mismo sentido de la acera.',88,103),
(1951,11,20230033,'Preventiva.',88,32),
(1952,23,20230033,'No, conductor y acompañantes deben abstenerse de consumir bebidas alcohólicas.',88,67),
(1953,28,20230033,'Mantener la misma velocidad.',88,82),
(1954,47,20230033,'De caballerosidad para ceder el paso a las mujeres.',88,140),
(1955,43,20230033,'Sin lugares, pase al siguiente estacionamiento.',88,127),
(1956,15,20230033,'Propaganda política que te identifique con algún partido político.',88,44),
(1957,22,20230033,'No.',88,65),
(1958,21,20230033,'Preventivas, restrictivas e informativas.',88,61),
(1959,48,20230033,'Utilizar ambos carriles y circular de forma paralela con los vehículos.',88,143),
(1960,2,20230033,'a) En el asiento trasero.',88,4),
(1961,45,20230033,'El vehículo será remitido al corralón autorizado y lo pondrá a disposición de la autoridad competente.',88,134),
(1962,40,20230033,'Prohibido dar vuelta en “U”.',88,118),
(1963,31,20230033,'Sí, salvo que exista señalamiento que indique lo contrario.',88,92),
(1964,7,20230033,'Legal para no estresarse.',88,19),
(1965,26,20230033,'Un metro.',88,76),
(1966,3,20230033,'b) Ninguna infracción.',88,8),
(1967,6,20230033,'Circulación en doble sentido.',88,18),
(1968,32,20230033,'10 metros.',88,94),
(1969,14,20230033,'Desde que empiece a oscurecer, de noche, o cuando no haya suficiente visibilidad en el día.',88,40),
(1970,10,20230033,'Preventivas.',88,29),
(1971,41,20230033,'Sin estacionamiento.',88,121),
(1972,39,20230033,'Prohibido dar vuelta en “U”.',88,115),
(1973,37,20230033,'Conductor y acompañante de asiento delantero.',88,110),
(1974,38,20230033,'Vehículos.',88,112),
(1975,5,20230033,'b) Si es el único espacio disponible.',88,14),
(1976,29,20230033,'40 Kilómetros por hora.',88,84),
(1977,18,20230033,'Tratar de llegar a un acuerdo y en caso negativo, acompañar a la autoridad ante el Agente del Ministerio Público y los vehículos serán remitidos al corralón autorizado.',88,53),
(1978,42,20230033,'Sin lugares, pase al siguiente estacionamiento.',88,124),
(1979,27,20230033,'Ninguno.',88,80),
(1980,36,20230033,'En estacionamientos.',88,106),
(1981,46,20230033,'La de terracería.',88,137),
(1982,33,20230034,'Una distancia prudente.',89,98),
(1983,36,20230034,'En las aceras, camellones, puentes y en la entrada de vehículos de casas particulares.',89,105),
(1984,25,20230034,'Salvo causa justificada que acredite con el documento idóneo.',89,73),
(1985,34,20230034,'Con freno de mano y las llantas en sentido inverso a la acera.',89,99),
(1986,17,20230034,'Si observa que uno de los implicados se aleja a alta velocidad, deberá tomar fotografía con su teléfono celular de las placas.',89,50),
(1987,19,20230034,'Credencial del INE y placa delantera.',89,55),
(1988,5,20230034,'a) Si es o transporta persona con discapacidad.',89,13),
(1989,37,20230034,'Conductor y acompañante de asiento delantero.',89,110),
(1990,44,20230034,'En días inhábiles.',89,131),
(1991,7,20230034,'Legal para no estresarse.',89,19),
(1992,31,20230034,'Sí, salvo que exista señalamiento que indique lo contrario.',89,92),
(1993,29,20230034,'60 Kilómetros por hora.',89,85),
(1994,1,20230034,'Encender las luces.',89,1),
(1995,23,20230034,'Sí, siempre y cuando el consumo no rebase los límites del alcoholímetro.',89,68),
(1996,22,20230034,'Sí.',89,64),
(1997,26,20230034,'Un metro.',89,76),
(1998,32,20230034,'Una cuarta parte de la longitud de la calle.',89,95),
(1999,20,20230034,'Verde: vía libre para el conductor respetando los límites de velocidad establecidos. Rojo: Alto total. Ámbar: precaución ya que está próximo a cambiar el semáforo en rojo.',89,58),
(2000,42,20230034,'Prohibido estacionarse.',89,125),
(2001,49,20230034,'Personas de la tercera edad.',89,145),
(2002,21,20230034,'Preventivas, restrictivas e informativas.',90,61),
(2003,22,20230034,'Sí.',90,64),
(2004,13,20230034,'Amortiguadores, radio, calefacción.',90,38),
(2005,16,20230034,'Cuartos delanteros de luz ámbar y traseros de luz roja.',90,47),
(2006,30,20230034,'30 Kilómetros por hora.',90,88),
(2007,42,20230034,'Prohibido estacionarse.',90,125),
(2008,31,20230034,'Si.',90,91),
(2009,28,20230034,'Bajar la velocidad.',90,81),
(2010,37,20230034,'Conductor y acompañante de asiento delantero.',90,110),
(2011,15,20230034,'Propaganda política que te identifique con algún partido político.',90,44),
(2012,10,20230034,'Preventivas.',90,29),
(2013,34,20230034,'Con freno de mano y las llantas en dirección al sentido de la circulación de la calle.',90,101),
(2014,43,20230034,'No hay extinguidor.',90,126),
(2015,29,20230034,'60 Kilómetros por hora.',90,85),
(2016,4,20230034,'b) Acelera y pasar primero.',90,11),
(2017,44,20230034,'En días inhábiles.',90,131),
(2018,8,20230034,'Intransferibles que identifican al vehículo.',90,22),
(2019,49,20230034,'Personas de la tercera edad.',90,145),
(2020,33,20230034,'20 centímetros.',90,96),
(2021,26,20230034,'Cuatro metros.',90,75),
(2022,29,20230034,'40 Kilómetros por hora.',91,84),
(2023,35,20230034,'Con freno de mano y las llantas en dirección al sentido de la circulación de la calle.',91,104),
(2024,26,20230034,'Un metro.',91,76),
(2025,1,20230034,'Colocarse el cinturón de seguridad.',91,2),
(2026,46,20230034,'Dependiendo la cantidad de tráfico vehicular.',91,135),
(2027,37,20230034,'El conductor.',91,108),
(2028,38,20230034,'Grúas.',91,113),
(2029,14,20230034,'Desde que empieza a circular.',91,41),
(2030,9,20230034,'El agente de tránsito y el conductor.',91,26),
(2031,42,20230034,'No hay extinguidor.',91,123),
(2032,30,20230034,'Variable dependiendo las indicaciones del agente de tránsito.',91,89),
(2033,39,20230034,'Obras en proceso de construcción.',91,116),
(2034,50,20230034,'Solo en escuelas de nivel pre escolar y básico.',91,149),
(2035,22,20230034,'No.',91,65),
(2036,7,20230034,'Causa de detención del vehículo.',91,21),
(2037,45,20230034,'Solicitar la corrección en la Secretaría de Comunicaciones y Transportes.',91,132),
(2038,36,20230034,'En zonas de parquímetros.',91,107),
(2039,23,20230034,'No, conductor y acompañantes deben abstenerse de consumir bebidas alcohólicas.',91,67),
(2040,40,20230034,'Prohibido girar a la izquierda.',91,117),
(2041,19,20230034,'Credencial del INE y placa delantera.',91,55),
(2042,26,20230034,'Cuatro metros.',92,75),
(2043,33,20230034,'20 centímetros.',92,96),
(2044,27,20230034,'Ninguno.',92,80),
(2045,48,20230034,'Utilizar ambos carriles y circular de forma paralela con los vehículos.',92,143),
(2046,13,20230034,'Amortiguadores, radio, calefacción.',92,38),
(2047,15,20230034,'Rótulos, carteles u objetos que obstruyan la visibilidad y vidrios polarizados.',92,43),
(2048,37,20230034,'El conductor.',92,108),
(2049,6,20230034,'Circulación en doble sentido.',92,18),
(2050,50,20230034,'Falso.',92,148),
(2051,2,20230034,'a) En el asiento trasero.',92,4),
(2052,40,20230034,'Prohibido dar vuelta en “U”.',92,118),
(2053,49,20230034,'Vehículos particulares.',92,146),
(2054,47,20230034,'De caballerosidad para ceder el paso a las mujeres.',92,140),
(2055,34,20230034,'Con freno de mano y las ruedas delanteras dirigidas hacia la acera.',92,100),
(2056,42,20230034,'No hay extinguidor.',92,123),
(2057,1,20230034,'Colocarse el cinturón de seguridad.',92,2),
(2058,22,20230034,'No.',92,65),
(2059,23,20230034,'Sí, siempre y cuando el consumo no rebase los límites del alcoholímetro.',92,68),
(2060,44,20230034,'Cuando un tren en marcha se encuentre aproximadamente a doscientos metros del cruce o emita una señal audible.',92,130),
(2061,9,20230034,'El conductor con licencia y tarjeta de circulación.',92,25),
(2062,45,20230034,'Entregar la tarjeta al oficial y recibir la infracción.',93,133),
(2063,12,20230034,'Desviación.',93,34),
(2064,34,20230034,'Con freno de mano y las llantas en dirección al sentido de la circulación de la calle.',93,101),
(2065,26,20230034,'La suficiente para que ingrese un vehículo si busca rebasarme.',93,77),
(2066,21,20230034,'Preventivas, restrictivas e informativas.',93,61),
(2067,11,20230034,'Alto total.',93,31),
(2068,20,20230034,'Verde: vía libre para el conductor respetando los límites de velocidad establecidos. Rojo: Alto total. Ámbar: precaución ya que está próximo a cambiar el semáforo en rojo.',93,58),
(2069,25,20230034,'En ningún caso.',93,74),
(2070,43,20230034,'No hay extinguidor.',93,126),
(2071,10,20230034,'Restrictivas.',93,30),
(2072,44,20230034,'Cuándo esté lloviendo.',93,129),
(2073,3,20230034,'a) Abuso de autoridad.',93,7),
(2074,42,20230034,'No hay extinguidor.',93,123),
(2075,50,20230034,'Falso.',93,148),
(2076,46,20230034,'La de terracería.',93,137),
(2077,7,20230034,'Infracción a las normas de vialidad.',93,20),
(2078,24,20230034,'El formato RVS07 que se expide en las delegaciones de la SECTE.',93,71),
(2079,28,20230034,'Bajar la velocidad.',93,81),
(2080,13,20230034,'Amortiguadores, radio, calefacción.',93,38),
(2081,9,20230034,'El conductor con licencia y tarjeta de circulación.',93,25),
(2082,29,20230034,'60 Kilómetros por hora.',94,85),
(2083,34,20230034,'Con freno de mano y las llantas en sentido inverso a la acera.',94,99),
(2084,9,20230034,'El agente de tránsito y el conductor.',94,26),
(2085,43,20230034,'No hay extinguidor.',94,126),
(2086,41,20230034,'Seguir de frente.',94,120),
(2087,33,20230034,'Una distancia prudente.',94,98),
(2088,40,20230034,'Glorieta con retorno.',94,119),
(2089,15,20230034,'Propaganda política que te identifique con algún partido político.',94,44),
(2090,16,20230034,'Claxon cuya potencia no lastime los oídos de los transeúntes y conductores.',94,48),
(2091,13,20230034,'Amortiguadores, radio, calefacción.',94,38),
(2092,36,20230034,'En estacionamientos.',94,106),
(2093,10,20230034,'Restrictivas.',94,30),
(2094,3,20230034,'c) Infracción y delito.',94,9),
(2095,49,20230034,'Vehículos particulares.',94,146),
(2096,12,20230034,'Desviación.',94,34),
(2097,26,20230034,'Cuatro metros.',94,75),
(2098,30,20230034,'20 kilómetros por hora.',94,87),
(2099,48,20230034,'Utilizar ambos carriles y circular de forma paralela con los vehículos.',94,143),
(2100,38,20230034,'Vehículos.',94,112),
(2101,44,20230034,'Cuando un tren en marcha se encuentre aproximadamente a doscientos metros del cruce o emita una señal audible.',94,130),
(2102,7,20230034,'Causa de detención del vehículo.',94,21),
(2103,35,20230034,'Con freno de mano y las llantas en el mismo sentido de la acera.',94,103),
(2104,11,20230034,'Preventiva.',94,32),
(2105,28,20230034,'Aumentar la velocidad.',94,83),
(2106,5,20230034,'c) Si se estaciona sólo por unos cuantos minutos.',94,15),
(2107,21,20230034,'Para transporte público y privado.',94,63),
(2108,42,20230034,'No hay extinguidor.',94,123),
(2109,1,20230034,'Colocarse el cinturón de seguridad.',94,2),
(2110,18,20230034,'Proponer que cada conductor se haga cargo de los daños de vehículo y retirarse.',94,52),
(2111,25,20230034,'Cuando olvide colocarlas en mi vehículo.',94,72),
(2112,17,20230034,'Si observa que uno de los implicados se aleja a alta velocidad, deberá tomar fotografía con su teléfono celular de las placas.',94,50),
(2113,27,20230034,'Ninguno.',94,80),
(2114,4,20230034,'b) Acelera y pasar primero.',94,11),
(2115,19,20230034,'Credencial del INE y placa delantera.',94,55),
(2116,8,20230034,'Intransferibles que identifican al vehículo.',94,22),
(2117,24,20230034,'La factura del vehículo.',94,69),
(2118,50,20230034,'Cierto.',94,147),
(2119,39,20230034,'Prohibido dar vuelta en “U”.',94,115),
(2120,6,20230034,'No estacionarse.',94,17),
(2121,2,20230034,'b) En el asiento delantero.',94,5),
(2122,11,20230034,'Preventiva.',95,32),
(2123,18,20230034,'Proponer que cada conductor se haga cargo de los daños de vehículo y retirarse.',95,52),
(2124,14,20230034,'Cuando circule por intersecciones.',95,42),
(2125,17,20230034,'Orillarse y usar su unidad para detener el tráfico vehicular.',95,49),
(2126,12,20230034,'Zona escolar.',95,36),
(2127,5,20230034,'c) Si se estaciona sólo por unos cuantos minutos.',95,15),
(2128,40,20230034,'Prohibido dar vuelta en “U”.',95,118),
(2129,41,20230034,'Sin estacionamiento.',95,121),
(2130,32,20230034,'Una cuarta parte de la longitud de la calle.',95,95),
(2131,38,20230034,'Peatones.',95,111),
(2132,15,20230034,'Propaganda política que te identifique con algún partido político.',95,44),
(2133,29,20230034,'40 Kilómetros por hora.',95,84),
(2134,3,20230034,'b) Ninguna infracción.',95,8),
(2135,44,20230034,'En días inhábiles.',95,131),
(2136,1,20230034,'Activar la alarma.',95,3),
(2137,20,20230034,'Luz verde permitir el paso a los peatones, si no hay quien cruce la calle me puedo pasar. Luz roja alto total y si no hay peatones también me puedo pasar.',95,60),
(2138,26,20230034,'Un metro.',95,76),
(2139,21,20230034,'Para transporte público y privado.',95,63),
(2140,42,20230034,'Prohibido estacionarse.',95,125),
(2141,2,20230034,'c) En la cajuela.',95,6),
(2142,10,20230034,'Informativas del destino.',95,28),
(2143,16,20230034,'Cuartos delanteros de luz ámbar y traseros de luz roja.',95,47),
(2144,45,20230034,'Solicitar la corrección en la Secretaría de Comunicaciones y Transportes.',95,132),
(2145,9,20230034,'El agente de tránsito y el conductor.',95,26),
(2146,4,20230034,'a) Bajar la velocidad.',95,10),
(2147,33,20230034,'20 centímetros.',95,96),
(2148,13,20230034,'Vestiduras, extinguidor y aire acondicionado.',95,39),
(2149,43,20230034,'Sin lugares, pase al siguiente estacionamiento.',95,127),
(2150,46,20230034,'La pavimentada. ',95,136),
(2151,47,20230034,'De caballerosidad para ceder el paso a las mujeres.',95,140),
(2152,31,20230034,'Sí, salvo que exista señalamiento que indique lo contrario.',95,92),
(2153,49,20230034,'Personas de la tercera edad.',95,145),
(2154,34,20230034,'Con freno de mano y las ruedas delanteras dirigidas hacia la acera.',95,100),
(2155,8,20230034,'Intransferibles que identifican al vehículo.',95,22),
(2156,27,20230034,'Menores de doce años.',95,78),
(2157,35,20230034,'Con freno de mano y las llantas en el mismo sentido de la acera.',95,103),
(2158,19,20230034,'Credencial del INE y placa delantera.',95,55),
(2159,28,20230034,'Mantener la misma velocidad.',95,82),
(2160,6,20230034,'No estacionarse.',95,17),
(2161,36,20230034,'En zonas de parquímetros.',95,107),
(2162,35,20230035,'Con freno de mano y las ruedas delanteras en posición inversa a la acera.',96,102),
(2163,16,20230035,'Claxon cuya potencia no lastime los oídos de los transeúntes y conductores.',96,48),
(2164,13,20230035,'Vestiduras, extinguidor y aire acondicionado.',96,39),
(2165,1,20230035,'Colocarse el cinturón de seguridad.',96,2),
(2166,44,20230035,'Cuándo esté lloviendo.',96,129),
(2167,46,20230035,'La pavimentada. ',96,136),
(2168,22,20230035,'No.',96,65),
(2169,3,20230035,'b) Ninguna infracción.',96,8),
(2170,26,20230035,'La suficiente para que ingrese un vehículo si busca rebasarme.',96,77),
(2171,43,20230035,'Prohibido avanzar.',96,128),
(2172,14,20230035,'Cuando circule por intersecciones.',96,42),
(2173,8,20230035,'Intransferibles que identifican al vehículo.',96,22),
(2174,10,20230035,'Informativas del destino.',96,28),
(2175,29,20230035,'60 Kilómetros por hora.',96,85),
(2176,5,20230035,'a) Si es o transporta persona con discapacidad.',96,13),
(2177,20,20230035,'Verde: vía libre para el conductor respetando los límites de velocidad establecidos. Rojo: Alto total. Ámbar: precaución ya que está próximo a cambiar el semáforo en rojo.',96,58),
(2178,37,20230035,'Todos los que viajen en el auto.',96,109),
(2179,49,20230035,'Vehículos particulares.',96,146),
(2180,17,20230035,'Si observa que uno de los implicados se aleja a alta velocidad, deberá tomar fotografía con su teléfono celular de las placas.',96,50),
(2181,18,20230035,'Proponer que cada conductor se haga cargo de los daños de vehículo y retirarse.',96,52),
(2182,29,20230035,'20 Kilómetros por hora.',97,86),
(2183,21,20230035,'Para transporte público y privado.',97,63),
(2184,24,20230035,'La factura del vehículo.',97,69),
(2185,1,20230035,'Colocarse el cinturón de seguridad.',97,2),
(2186,47,20230035,'Educación.',97,138),
(2187,49,20230035,'Vehículos particulares.',97,146),
(2188,16,20230035,'Sirenas, faros rojos, torretas, luces blancas o aditamentos exclusivos de unidades destinadas a la seguridad pública.',97,46),
(2189,10,20230035,'Restrictivas.',97,30),
(2190,17,20230035,'Si observa que uno de los implicados se aleja a alta velocidad, deberá tomar fotografía con su teléfono celular de las placas.',97,50),
(2191,3,20230035,'c) Infracción y delito.',97,9),
(2192,48,20230035,'Circular por la extrema derecha de la vía respetando la formación de vehículos en tránsito sin colocarse entre dos de ellos.',97,142),
(2193,44,20230035,'En días inhábiles.',97,131),
(2194,13,20230035,'Vestiduras, extinguidor y aire acondicionado.',97,39),
(2195,14,20230035,'Cuando circule por intersecciones.',97,42),
(2196,43,20230035,'Prohibido avanzar.',97,128),
(2197,2,20230035,'c) En la cajuela.',97,6),
(2198,34,20230035,'Con freno de mano y las llantas en sentido inverso a la acera.',97,99),
(2199,8,20230035,'Se requieren para pago de refrendo.',97,23),
(2200,12,20230035,'Zona escolar.',97,36),
(2201,39,20230035,'Prohibido dar vuelta en “U”.',97,115),
(2202,34,20230035,'Con freno de mano y las llantas en dirección al sentido de la circulación de la calle.',98,101),
(2203,26,20230035,'La suficiente para que ingrese un vehículo si busca rebasarme.',98,77),
(2204,10,20230035,'Preventivas.',98,29),
(2205,8,20230035,'Para obtención de licencia.',98,24),
(2206,19,20230035,'Dos placas, tarjeta de circulación y licencia.',98,56),
(2207,9,20230035,'El agente de tránsito y el conductor.',98,26),
(2208,28,20230035,'Bajar la velocidad.',98,81),
(2209,35,20230035,'Con freno de mano y las ruedas delanteras en posición inversa a la acera.',98,102),
(2210,7,20230035,'Legal para no estresarse.',98,19),
(2211,27,20230035,'Adultos mayores de 65 años.',98,79),
(2212,16,20230035,'Sirenas, faros rojos, torretas, luces blancas o aditamentos exclusivos de unidades destinadas a la seguridad pública.',98,46),
(2213,11,20230035,'Alto total.',98,31),
(2214,42,20230035,'No hay extinguidor.',98,123),
(2215,39,20230035,'Prohibido dar vuelta en “U”.',98,115),
(2216,41,20230035,'Sin estacionamiento.',98,121),
(2217,13,20230035,'Vestiduras, extinguidor y aire acondicionado.',98,39),
(2218,46,20230035,'La pavimentada. ',98,136),
(2219,15,20230035,'Propaganda política que te identifique con algún partido político.',98,44),
(2220,18,20230035,'Tratar de llegar a un acuerdo y en caso negativo, acompañar a la autoridad ante el Agente del Ministerio Público y los vehículos serán remitidos al corralón autorizado.',98,53),
(2221,22,20230035,'No.',98,65),
(2222,50,20230035,'Falso.',98,148),
(2223,23,20230035,'No, conductor y acompañantes deben abstenerse de consumir bebidas alcohólicas.',98,67),
(2224,47,20230035,'De caballerosidad para ceder el paso a las mujeres.',98,140),
(2225,45,20230035,'Entregar la tarjeta al oficial y recibir la infracción.',98,133),
(2226,24,20230035,'La tarjeta de circulación.',98,70),
(2227,37,20230035,'El conductor.',98,108),
(2228,2,20230035,'c) En la cajuela.',98,6),
(2229,48,20230035,'Circular por la extrema derecha de la vía respetando la formación de vehículos en tránsito sin colocarse entre dos de ellos.',98,142),
(2230,30,20230035,'Variable dependiendo las indicaciones del agente de tránsito.',98,89),
(2231,49,20230035,'Vehículos particulares.',98,146),
(2232,3,20230035,'b) Ninguna infracción.',98,8),
(2233,14,20230035,'Desde que empieza a circular.',98,41),
(2234,44,20230035,'Cuando un tren en marcha se encuentre aproximadamente a doscientos metros del cruce o emita una señal audible.',98,130),
(2235,12,20230035,'Vuelta continúa.',98,35),
(2236,32,20230035,'La que resulte necesaria.',98,93),
(2237,21,20230035,'Escolares, turísticas y comerciales.',98,62),
(2238,1,20230035,'Colocarse el cinturón de seguridad.',98,2),
(2239,36,20230035,'En zonas de parquímetros.',98,107),
(2240,40,20230035,'Prohibido girar a la izquierda.',98,117),
(2241,17,20230035,'Seguir su marcha, salvo que las autoridades que estén presentes en el lugar del accidente, soliciten su apoyo.',98,51),
(2242,22,20230035,'No.',99,65),
(2243,48,20230035,'Transitar en el lado opuesto de la circulación',99,141),
(2244,10,20230035,'Restrictivas.',99,30),
(2245,14,20230035,'Desde que empiece a oscurecer, de noche, o cuando no haya suficiente visibilidad en el día.',99,40),
(2246,36,20230035,'En estacionamientos.',99,106),
(2247,40,20230035,'Prohibido girar a la izquierda.',99,117),
(2248,38,20230035,'Vehículos.',99,112),
(2249,31,20230035,'Si.',99,91),
(2250,13,20230035,'Vestiduras, extinguidor y aire acondicionado.',99,39),
(2251,21,20230035,'Escolares, turísticas y comerciales.',99,62),
(2252,24,20230035,'El formato RVS07 que se expide en las delegaciones de la SECTE.',99,71),
(2253,49,20230035,'Personas de la tercera edad.',99,145),
(2254,23,20230035,'Sí, siempre y cuando el consumo no rebase los límites del alcoholímetro.',99,68),
(2255,33,20230035,'La que permita la maniobra de estacionamiento.',99,97),
(2256,16,20230035,'Claxon cuya potencia no lastime los oídos de los transeúntes y conductores.',99,48),
(2257,5,20230035,'c) Si se estaciona sólo por unos cuantos minutos.',99,15),
(2258,35,20230035,'Con freno de mano y las ruedas delanteras en posición inversa a la acera.',99,102),
(2259,4,20230035,'c) Permitirle el paso, colocarse en el extremo de la vialidad y hacer alto total.',99,12),
(2260,37,20230035,'Conductor y acompañante de asiento delantero.',99,110),
(2261,19,20230035,'Placa, tarjeta de circulación o licencia de conducir. Solo una de estas tres.',99,57),
(2262,42,20230035,'No hay extinguidor.',99,123),
(2263,50,20230035,'Solo en escuelas de nivel pre escolar y básico.',99,149),
(2264,34,20230035,'Con freno de mano y las ruedas delanteras dirigidas hacia la acera.',99,100),
(2265,27,20230035,'Ninguno.',99,80),
(2266,43,20230035,'Prohibido avanzar.',99,128),
(2267,18,20230035,'Tratar de llegar a un acuerdo y en caso negativo, acompañar a la autoridad ante el Agente del Ministerio Público y los vehículos serán remitidos al corralón autorizado.',99,53),
(2268,7,20230035,'Infracción a las normas de vialidad.',99,20),
(2269,46,20230035,'La de terracería.',99,137),
(2270,9,20230035,'Únicamente el agente vial y deberá acercarse por el lado del conductor portando casco y gafete de identificación.',99,27),
(2271,11,20230035,'Preventiva.',99,32),
(2272,26,20230035,'Un metro.',99,76),
(2273,8,20230035,'Se requieren para pago de refrendo.',99,23),
(2274,12,20230035,'Desviación.',99,34),
(2275,30,20230035,'20 kilómetros por hora.',99,87),
(2276,2,20230035,'a) En el asiento trasero.',99,4),
(2277,20,20230035,'Verde en máxima velocidad y rojo bajar la velocidad. La luz amarilla dependerá del horario del día.',99,59),
(2278,3,20230035,'b) Ninguna infracción.',99,8),
(2279,39,20230035,'Prohibido girar a la izquierda.',99,114),
(2280,41,20230035,'Prohibido doblar a la izquierda.',99,122),
(2281,6,20230035,'Disminuir velocidad.',99,16),
(2282,7,20230035,'Infracción a las normas de vialidad.',100,20),
(2283,1,20230035,'Colocarse el cinturón de seguridad.',100,2),
(2284,36,20230035,'En estacionamientos.',100,106),
(2285,23,20230035,'No, conductor y acompañantes deben abstenerse de consumir bebidas alcohólicas.',100,67),
(2286,30,20230035,'20 kilómetros por hora.',100,87),
(2287,4,20230035,'b) Acelera y pasar primero.',100,11),
(2288,31,20230035,'No.',100,90),
(2289,8,20230035,'Intransferibles que identifican al vehículo.',100,22),
(2290,50,20230035,'Cierto.',100,147),
(2291,38,20230035,'Grúas.',100,113),
(2292,27,20230035,'Ninguno.',100,80),
(2293,26,20230035,'La suficiente para que ingrese un vehículo si busca rebasarme.',100,77),
(2294,17,20230035,'Orillarse y usar su unidad para detener el tráfico vehicular.',100,49),
(2295,16,20230035,'Sirenas, faros rojos, torretas, luces blancas o aditamentos exclusivos de unidades destinadas a la seguridad pública.',100,46),
(2296,28,20230035,'Bajar la velocidad.',100,81),
(2297,32,20230035,'La que resulte necesaria.',100,93),
(2298,45,20230035,'Entregar la tarjeta al oficial y recibir la infracción.',100,133),
(2299,40,20230035,'Glorieta con retorno.',100,119),
(2300,42,20230035,'Prohibido estacionarse.',100,125),
(2301,46,20230035,'La pavimentada. ',100,136),
(2302,48,20230035,'Transitar en el lado opuesto de la circulación',100,141),
(2303,24,20230035,'La tarjeta de circulación.',100,70),
(2304,21,20230035,'Escolares, turísticas y comerciales.',100,62),
(2305,44,20230035,'Cuándo esté lloviendo.',100,129),
(2306,15,20230035,'Chip de REPUVE.',100,45),
(2307,14,20230035,'Desde que empieza a circular.',100,41),
(2308,33,20230035,'Una distancia prudente.',100,98),
(2309,3,20230035,'a) Abuso de autoridad.',100,7),
(2310,39,20230035,'Prohibido girar a la izquierda.',100,114),
(2311,19,20230035,'Credencial del INE y placa delantera.',100,55),
(2312,35,20230035,'Con freno de mano y las llantas en el mismo sentido de la acera.',100,103),
(2313,47,20230035,'De caballerosidad para ceder el paso a las mujeres.',100,140),
(2314,2,20230035,'b) En el asiento delantero.',100,5),
(2315,25,20230035,'En ningún caso.',100,74),
(2316,6,20230035,'Disminuir velocidad.',100,16),
(2317,29,20230035,'40 Kilómetros por hora.',100,84),
(2318,13,20230035,'Vestiduras, extinguidor y aire acondicionado.',100,39),
(2319,9,20230035,'Únicamente el agente vial y deberá acercarse por el lado del conductor portando casco y gafete de identificación.',100,27),
(2320,22,20230035,'No.',100,65),
(2321,18,20230035,'Proponer que cada conductor se haga cargo de los daños de vehículo y retirarse.',100,52),
(2322,38,20230036,'Peatones.',101,111),
(2323,48,20230036,'Circular por la extrema derecha de la vía respetando la formación de vehículos en tránsito sin colocarse entre dos de ellos.',101,142),
(2324,4,20230036,'a) Bajar la velocidad.',101,10),
(2325,2,20230036,'a) En el asiento trasero.',101,4),
(2326,25,20230036,'En ningún caso.',101,74),
(2327,42,20230036,'Sin lugares, pase al siguiente estacionamiento.',101,124),
(2328,37,20230036,'Conductor y acompañante de asiento delantero.',101,110),
(2329,12,20230036,'Zona escolar.',101,36),
(2330,31,20230036,'Sí, salvo que exista señalamiento que indique lo contrario.',101,92),
(2331,13,20230036,'Vestiduras, extinguidor y aire acondicionado.',101,39),
(2332,20,20230036,'Verde: vía libre para el conductor respetando los límites de velocidad establecidos. Rojo: Alto total. Ámbar: precaución ya que está próximo a cambiar el semáforo en rojo.',101,58),
(2333,43,20230036,'Sin lugares, pase al siguiente estacionamiento.',101,127),
(2334,19,20230036,'Dos placas, tarjeta de circulación y licencia.',101,56),
(2335,3,20230036,'c) Infracción y delito.',101,9),
(2336,8,20230036,'Para obtención de licencia.',101,24),
(2337,34,20230036,'Con freno de mano y las llantas en sentido inverso a la acera.',101,99),
(2338,40,20230036,'Prohibido dar vuelta en “U”.',101,118),
(2339,7,20230036,'Causa de detención del vehículo.',101,21),
(2340,26,20230036,'La suficiente para que ingrese un vehículo si busca rebasarme.',101,77),
(2341,21,20230036,'Preventivas, restrictivas e informativas.',101,61),
(2342,49,20230036,'Vehículos particulares.',102,146),
(2343,14,20230036,'Desde que empieza a circular.',102,41),
(2344,29,20230036,'40 Kilómetros por hora.',102,84),
(2345,35,20230036,'Con freno de mano y las llantas en el mismo sentido de la acera.',102,103),
(2346,36,20230036,'En zonas de parquímetros.',102,107),
(2347,2,20230036,'a) En el asiento trasero.',102,4),
(2348,33,20230036,'Una distancia prudente.',102,98),
(2349,22,20230036,'Sí.',102,64),
(2350,40,20230036,'Prohibido dar vuelta en “U”.',102,118),
(2351,21,20230036,'Preventivas, restrictivas e informativas.',102,61),
(2352,25,20230036,'Salvo causa justificada que acredite con el documento idóneo.',102,73),
(2353,26,20230036,'Un metro.',102,76),
(2354,5,20230036,'b) Si es el único espacio disponible.',102,14),
(2355,9,20230036,'Únicamente el agente vial y deberá acercarse por el lado del conductor portando casco y gafete de identificación.',102,27),
(2356,28,20230036,'Bajar la velocidad.',102,81),
(2357,27,20230036,'Menores de doce años.',102,78),
(2358,45,20230036,'Entregar la tarjeta al oficial y recibir la infracción.',102,133),
(2359,44,20230036,'Cuando un tren en marcha se encuentre aproximadamente a doscientos metros del cruce o emita una señal audible.',102,130),
(2360,19,20230036,'Dos placas, tarjeta de circulación y licencia.',102,56),
(2361,42,20230036,'Sin lugares, pase al siguiente estacionamiento.',102,124),
(2362,3,20230036,'b) Ninguna infracción.',102,8),
(2363,48,20230036,'Utilizar ambos carriles y circular de forma paralela con los vehículos.',102,143),
(2364,31,20230036,'No.',102,90),
(2365,46,20230036,'Dependiendo la cantidad de tráfico vehicular.',102,135),
(2366,38,20230036,'Grúas.',102,113),
(2367,16,20230036,'Claxon cuya potencia no lastime los oídos de los transeúntes y conductores.',102,48),
(2368,1,20230036,'Colocarse el cinturón de seguridad.',102,2),
(2369,37,20230036,'Conductor y acompañante de asiento delantero.',102,110),
(2370,17,20230036,'Si observa que uno de los implicados se aleja a alta velocidad, deberá tomar fotografía con su teléfono celular de las placas.',102,50),
(2371,12,20230036,'Desviación.',102,34),
(2372,24,20230036,'El formato RVS07 que se expide en las delegaciones de la SECTE.',102,71),
(2373,41,20230036,'Prohibido doblar a la izquierda.',102,122),
(2374,50,20230036,'Falso.',102,148),
(2375,11,20230036,'Preventiva.',102,32),
(2376,6,20230036,'No estacionarse.',102,17),
(2377,32,20230036,'Una cuarta parte de la longitud de la calle.',102,95),
(2378,18,20230036,'Tratar de llegar a un acuerdo y en caso negativo, acompañar a la autoridad ante el Agente del Ministerio Público y los vehículos serán remitidos al corralón autorizado.',102,53),
(2379,15,20230036,'Rótulos, carteles u objetos que obstruyan la visibilidad y vidrios polarizados.',102,43),
(2380,13,20230036,'Amortiguadores, radio, calefacción.',102,38),
(2381,7,20230036,'Legal para no estresarse.',102,19),
(2382,15,20230036,'Propaganda política que te identifique con algún partido político.',103,44),
(2383,44,20230036,'Cuando un tren en marcha se encuentre aproximadamente a doscientos metros del cruce o emita una señal audible.',103,130),
(2384,3,20230036,'b) Ninguna infracción.',103,8),
(2385,4,20230036,'c) Permitirle el paso, colocarse en el extremo de la vialidad y hacer alto total.',103,12),
(2386,48,20230036,'Circular por la extrema derecha de la vía respetando la formación de vehículos en tránsito sin colocarse entre dos de ellos.',103,142),
(2387,30,20230036,'20 kilómetros por hora.',103,87),
(2388,2,20230036,'c) En la cajuela.',103,6),
(2389,32,20230036,'10 metros.',103,94),
(2390,21,20230036,'Escolares, turísticas y comerciales.',103,62),
(2391,23,20230036,'No, conductor y acompañantes deben abstenerse de consumir bebidas alcohólicas.',103,67),
(2392,16,20230036,'Claxon cuya potencia no lastime los oídos de los transeúntes y conductores.',103,48),
(2393,31,20230036,'Si.',103,91),
(2394,35,20230036,'Con freno de mano y las llantas en el mismo sentido de la acera.',103,103),
(2395,19,20230036,'Credencial del INE y placa delantera.',103,55),
(2396,20,20230036,'Verde: vía libre para el conductor respetando los límites de velocidad establecidos. Rojo: Alto total. Ámbar: precaución ya que está próximo a cambiar el semáforo en rojo.',103,58),
(2397,46,20230036,'La pavimentada. ',103,136),
(2398,29,20230036,'20 Kilómetros por hora.',103,86),
(2399,41,20230036,'Prohibido doblar a la izquierda.',103,122),
(2400,8,20230036,'Para obtención de licencia.',103,24),
(2401,7,20230036,'Causa de detención del vehículo.',103,21),
(2402,34,20230036,'Con freno de mano y las llantas en sentido inverso a la acera.',103,99),
(2403,14,20230036,'Desde que empieza a circular.',103,41),
(2404,36,20230036,'En estacionamientos.',103,106),
(2405,22,20230036,'Sí.',103,64),
(2406,9,20230036,'El agente de tránsito y el conductor.',103,26),
(2407,18,20230036,'Proponer que cada conductor se haga cargo de los daños de vehículo y retirarse.',103,52),
(2408,40,20230036,'Prohibido dar vuelta en “U”.',103,118),
(2409,45,20230036,'Solicitar la corrección en la Secretaría de Comunicaciones y Transportes.',103,132),
(2410,27,20230036,'Menores de doce años.',103,78),
(2411,33,20230036,'La que permita la maniobra de estacionamiento.',103,97),
(2412,12,20230036,'Zona escolar.',103,36),
(2413,39,20230036,'Prohibido girar a la izquierda.',103,114),
(2414,47,20230036,'De caballerosidad para ceder el paso a las mujeres.',103,140),
(2415,1,20230036,'Activar la alarma.',103,3),
(2416,49,20230036,'Vehículos particulares.',103,146),
(2417,25,20230036,'Cuando olvide colocarlas en mi vehículo.',103,72),
(2418,11,20230036,'Zona de hospitales.',103,33),
(2419,28,20230036,'Mantener la misma velocidad.',103,82),
(2420,37,20230036,'Conductor y acompañante de asiento delantero.',103,110),
(2421,43,20230036,'No hay extinguidor.',103,126),
(2422,27,20230037,'Adultos mayores de 65 años.',104,79),
(2423,24,20230037,'El formato RVS07 que se expide en las delegaciones de la SECTE.',104,71),
(2424,39,20230037,'Prohibido girar a la izquierda.',104,114),
(2425,20,20230037,'Verde en máxima velocidad y rojo bajar la velocidad. La luz amarilla dependerá del horario del día.',104,59),
(2426,9,20230037,'El conductor con licencia y tarjeta de circulación.',104,25),
(2427,43,20230037,'Prohibido avanzar.',104,128),
(2428,17,20230037,'Seguir su marcha, salvo que las autoridades que estén presentes en el lugar del accidente, soliciten su apoyo.',104,51),
(2429,22,20230037,'No.',104,65),
(2430,33,20230037,'La que permita la maniobra de estacionamiento.',104,97),
(2431,25,20230037,'Cuando olvide colocarlas en mi vehículo.',104,72),
(2432,14,20230037,'Desde que empieza a circular.',104,41),
(2433,47,20230037,'Es una obligación señalada en el artículo 132 del Reglamento de la Ley de Comunicaciones y Transportes en Materia de Transporte Público y Privado.',104,139),
(2434,37,20230037,'Todos los que viajen en el auto.',104,109),
(2435,30,20230037,'20 kilómetros por hora.',104,87),
(2436,26,20230037,'La suficiente para que ingrese un vehículo si busca rebasarme.',104,77),
(2437,15,20230037,'Propaganda política que te identifique con algún partido político.',104,44),
(2438,2,20230037,'a) En el asiento trasero.',104,4),
(2439,32,20230037,'La que resulte necesaria.',104,93),
(2440,16,20230037,'Claxon cuya potencia no lastime los oídos de los transeúntes y conductores.',104,48),
(2441,44,20230037,'Cuándo esté lloviendo.',104,129),
(2442,4,20230037,'a) Bajar la velocidad.',105,10),
(2443,49,20230037,'Personas de la tercera edad.',105,145),
(2444,28,20230037,'Mantener la misma velocidad.',105,82),
(2445,14,20230037,'Desde que empiece a oscurecer, de noche, o cuando no haya suficiente visibilidad en el día.',105,40),
(2446,7,20230037,'Legal para no estresarse.',105,19),
(2447,24,20230037,'La tarjeta de circulación.',105,70),
(2448,18,20230037,'Proponer que cada conductor se haga cargo de los daños de vehículo y retirarse.',105,52),
(2449,5,20230037,'c) Si se estaciona sólo por unos cuantos minutos.',105,15),
(2450,50,20230037,'Solo en escuelas de nivel pre escolar y básico.',105,149),
(2451,39,20230037,'Obras en proceso de construcción.',105,116),
(2452,10,20230037,'Preventivas.',105,29),
(2453,46,20230037,'La de terracería.',105,137),
(2454,12,20230037,'Desviación.',105,34),
(2455,36,20230037,'En estacionamientos.',105,106),
(2456,2,20230037,'c) En la cajuela.',105,6),
(2457,21,20230037,'Preventivas, restrictivas e informativas.',105,61),
(2458,25,20230037,'En ningún caso.',105,74),
(2459,30,20230037,'20 kilómetros por hora.',105,87),
(2460,16,20230037,'Sirenas, faros rojos, torretas, luces blancas o aditamentos exclusivos de unidades destinadas a la seguridad pública.',105,46),
(2461,31,20230037,'Si.',105,91),
(2462,22,20230037,'Sí.',106,64),
(2463,26,20230037,'Cuatro metros.',106,75),
(2464,49,20230037,'Peatones.',106,144),
(2465,21,20230037,'Para transporte público y privado.',106,63),
(2466,48,20230037,'Circular por la extrema derecha de la vía respetando la formación de vehículos en tránsito sin colocarse entre dos de ellos.',106,142),
(2467,32,20230037,'La que resulte necesaria.',106,93),
(2468,17,20230037,'Orillarse y usar su unidad para detener el tráfico vehicular.',106,49),
(2469,39,20230037,'Prohibido girar a la izquierda.',106,114),
(2470,38,20230037,'Grúas.',106,113),
(2471,25,20230037,'Cuando olvide colocarlas en mi vehículo.',106,72),
(2472,28,20230037,'Bajar la velocidad.',106,81),
(2473,23,20230037,'No, conductor y acompañantes deben abstenerse de consumir bebidas alcohólicas.',106,67),
(2474,37,20230037,'Conductor y acompañante de asiento delantero.',106,110),
(2475,2,20230037,'a) En el asiento trasero.',106,4),
(2476,5,20230037,'a) Si es o transporta persona con discapacidad.',106,13),
(2477,27,20230037,'Menores de doce años.',106,78),
(2478,30,20230037,'Variable dependiendo las indicaciones del agente de tránsito.',106,89),
(2479,10,20230037,'Restrictivas.',106,30),
(2480,31,20230037,'Si.',106,91),
(2481,40,20230037,'Prohibido girar a la izquierda.',106,117),
(2482,41,20230037,'Prohibido doblar a la izquierda.',107,122),
(2483,28,20230037,'Bajar la velocidad.',107,81),
(2484,10,20230037,'Restrictivas.',107,30),
(2485,12,20230037,'Desviación.',107,34),
(2486,13,20230037,'Vestiduras, extinguidor y aire acondicionado.',107,39),
(2487,18,20230037,'Llamar al seguro y dirigirse a la agencia.',107,54),
(2488,38,20230037,'Vehículos.',107,112),
(2489,11,20230037,'Preventiva.',107,32),
(2490,34,20230037,'Con freno de mano y las llantas en sentido inverso a la acera.',107,99),
(2491,27,20230037,'Ninguno.',107,80),
(2492,35,20230037,'Con freno de mano y las llantas en dirección al sentido de la circulación de la calle.',107,104),
(2493,5,20230037,'b) Si es el único espacio disponible.',107,14),
(2494,36,20230037,'En zonas de parquímetros.',107,107),
(2495,7,20230037,'Infracción a las normas de vialidad.',107,20),
(2496,24,20230037,'El formato RVS07 que se expide en las delegaciones de la SECTE.',107,71),
(2497,2,20230037,'b) En el asiento delantero.',107,5),
(2498,19,20230037,'Credencial del INE y placa delantera.',107,55),
(2499,4,20230037,'a) Bajar la velocidad.',107,10),
(2500,1,20230037,'Activar la alarma.',107,3),
(2501,30,20230037,'20 kilómetros por hora.',107,87),
(2502,6,20230037,'Disminuir velocidad.',108,16),
(2503,11,20230037,'Zona de hospitales.',108,33),
(2504,40,20230037,'Prohibido dar vuelta en “U”.',108,118),
(2505,13,20230037,'Vestiduras, extinguidor y aire acondicionado.',108,39),
(2506,27,20230037,'Adultos mayores de 65 años.',108,79),
(2507,44,20230037,'Cuando un tren en marcha se encuentre aproximadamente a doscientos metros del cruce o emita una señal audible.',108,130),
(2508,43,20230037,'Sin lugares, pase al siguiente estacionamiento.',108,127),
(2509,17,20230037,'Orillarse y usar su unidad para detener el tráfico vehicular.',108,49),
(2510,10,20230037,'Informativas del destino.',108,28),
(2511,15,20230037,'Chip de REPUVE.',108,45),
(2512,3,20230037,'a) Abuso de autoridad.',108,7),
(2513,22,20230037,'No.',108,65),
(2514,48,20230037,'Circular por la extrema derecha de la vía respetando la formación de vehículos en tránsito sin colocarse entre dos de ellos.',108,142),
(2515,2,20230037,'b) En el asiento delantero.',108,5),
(2516,7,20230037,'Causa de detención del vehículo.',108,21),
(2517,29,20230037,'60 Kilómetros por hora.',108,85),
(2518,38,20230037,'Peatones.',108,111),
(2519,45,20230037,'Solicitar la corrección en la Secretaría de Comunicaciones y Transportes.',108,132),
(2520,8,20230037,'Se requieren para pago de refrendo.',108,23),
(2521,35,20230037,'Con freno de mano y las llantas en dirección al sentido de la circulación de la calle.',108,104),
(2522,33,20230037,'La que permita la maniobra de estacionamiento.',108,97),
(2523,19,20230037,'Credencial del INE y placa delantera.',108,55),
(2524,14,20230037,'Desde que empiece a oscurecer, de noche, o cuando no haya suficiente visibilidad en el día.',108,40),
(2525,24,20230037,'La factura del vehículo.',108,69),
(2526,18,20230037,'Llamar al seguro y dirigirse a la agencia.',108,54),
(2527,34,20230037,'Con freno de mano y las llantas en dirección al sentido de la circulación de la calle.',108,101),
(2528,5,20230037,'a) Si es o transporta persona con discapacidad.',108,13),
(2529,4,20230037,'b) Acelera y pasar primero.',108,11),
(2530,23,20230037,'Sí, siempre y cuando el consumo no rebase los límites del alcoholímetro.',108,68),
(2531,12,20230037,'Desviación.',108,34),
(2532,50,20230037,'Solo en escuelas de nivel pre escolar y básico.',108,149),
(2533,21,20230037,'Escolares, turísticas y comerciales.',108,62),
(2534,31,20230037,'Sí, salvo que exista señalamiento que indique lo contrario.',108,92),
(2535,30,20230037,'30 Kilómetros por hora.',108,88),
(2536,28,20230037,'Bajar la velocidad.',108,81),
(2537,49,20230037,'Vehículos particulares.',108,146),
(2538,41,20230037,'Sin estacionamiento.',108,121),
(2539,9,20230037,'El agente de tránsito y el conductor.',108,26),
(2540,37,20230037,'Conductor y acompañante de asiento delantero.',108,110),
(2541,47,20230037,'De caballerosidad para ceder el paso a las mujeres.',108,140),
(2542,6,20230038,'Circulación en doble sentido.',109,18),
(2543,3,20230038,'a) Abuso de autoridad.',109,7),
(2544,41,20230038,'Seguir de frente.',109,120),
(2545,24,20230038,'La tarjeta de circulación.',109,70),
(2546,18,20230038,'Proponer que cada conductor se haga cargo de los daños de vehículo y retirarse.',109,52),
(2547,35,20230038,'Con freno de mano y las llantas en el mismo sentido de la acera.',109,103),
(2548,19,20230038,'Placa, tarjeta de circulación o licencia de conducir. Solo una de estas tres.',109,57),
(2549,39,20230038,'Prohibido girar a la izquierda.',109,114),
(2550,2,20230038,'a) En el asiento trasero.',109,4),
(2551,22,20230038,'Sí.',109,64),
(2552,48,20230038,'Utilizar ambos carriles y circular de forma paralela con los vehículos.',109,143),
(2553,50,20230038,'Falso.',109,148),
(2554,13,20230038,'Verificar niveles, llantas y espejos.',109,37),
(2555,23,20230038,'Sí, siempre y cuando el consumo no rebase los límites del alcoholímetro.',109,68),
(2556,32,20230038,'10 metros.',109,94),
(2557,28,20230038,'Aumentar la velocidad.',109,83),
(2558,11,20230038,'Preventiva.',109,32),
(2559,4,20230038,'c) Permitirle el paso, colocarse en el extremo de la vialidad y hacer alto total.',109,12),
(2560,30,20230038,'Variable dependiendo las indicaciones del agente de tránsito.',109,89),
(2561,25,20230038,'En ningún caso.',109,74),
(2562,3,20230038,'b) Ninguna infracción.',110,8),
(2563,19,20230038,'Dos placas, tarjeta de circulación y licencia.',110,56),
(2564,37,20230038,'Conductor y acompañante de asiento delantero.',110,110),
(2565,46,20230038,'Dependiendo la cantidad de tráfico vehicular.',110,135),
(2566,43,20230038,'No hay extinguidor.',110,126),
(2567,24,20230038,'La tarjeta de circulación.',110,70),
(2568,29,20230038,'20 Kilómetros por hora.',110,86),
(2569,13,20230038,'Vestiduras, extinguidor y aire acondicionado.',110,39),
(2570,21,20230038,'Preventivas, restrictivas e informativas.',110,61),
(2571,50,20230038,'Cierto.',110,147),
(2572,12,20230038,'Zona escolar.',110,36),
(2573,36,20230038,'En estacionamientos.',110,106),
(2574,10,20230038,'Informativas del destino.',110,28),
(2575,40,20230038,'Prohibido dar vuelta en “U”.',110,118),
(2576,30,20230038,'30 Kilómetros por hora.',110,88),
(2577,25,20230038,'Salvo causa justificada que acredite con el documento idóneo.',110,73),
(2578,14,20230038,'Desde que empieza a circular.',110,41),
(2579,17,20230038,'Seguir su marcha, salvo que las autoridades que estén presentes en el lugar del accidente, soliciten su apoyo.',110,51),
(2580,7,20230038,'Infracción a las normas de vialidad.',110,20),
(2581,15,20230038,'Chip de REPUVE.',110,45),
(2582,9,20230038,'El agente de tránsito y el conductor.',111,26),
(2583,32,20230038,'10 metros.',111,94),
(2584,40,20230038,'Prohibido dar vuelta en “U”.',111,118),
(2585,8,20230038,'Se requieren para pago de refrendo.',111,23),
(2586,39,20230038,'Prohibido dar vuelta en “U”.',111,115),
(2587,41,20230038,'Sin estacionamiento.',111,121),
(2588,1,20230038,'Activar la alarma.',111,3),
(2589,20,20230038,'Verde: vía libre para el conductor respetando los límites de velocidad establecidos. Rojo: Alto total. Ámbar: precaución ya que está próximo a cambiar el semáforo en rojo.',111,58),
(2590,22,20230038,'Sí.',111,64),
(2591,48,20230038,'Utilizar ambos carriles y circular de forma paralela con los vehículos.',111,143),
(2592,7,20230038,'Infracción a las normas de vialidad.',111,20),
(2593,19,20230038,'Dos placas, tarjeta de circulación y licencia.',111,56),
(2594,16,20230038,'Sirenas, faros rojos, torretas, luces blancas o aditamentos exclusivos de unidades destinadas a la seguridad pública.',111,46),
(2595,36,20230038,'En las aceras, camellones, puentes y en la entrada de vehículos de casas particulares.',111,105),
(2596,31,20230038,'Sí, salvo que exista señalamiento que indique lo contrario.',111,92),
(2597,21,20230038,'Escolares, turísticas y comerciales.',111,62),
(2598,33,20230038,'La que permita la maniobra de estacionamiento.',111,97),
(2599,34,20230038,'Con freno de mano y las llantas en dirección al sentido de la circulación de la calle.',111,101),
(2600,25,20230038,'Cuando olvide colocarlas en mi vehículo.',111,72),
(2601,12,20230038,'Vuelta continúa.',111,35),
(2602,47,20230038,'De caballerosidad para ceder el paso a las mujeres.',112,140),
(2603,3,20230038,'a) Abuso de autoridad.',112,7),
(2604,27,20230038,'Adultos mayores de 65 años.',112,79),
(2605,41,20230038,'Sin estacionamiento.',112,121),
(2606,20,20230038,'Verde: vía libre para el conductor respetando los límites de velocidad establecidos. Rojo: Alto total. Ámbar: precaución ya que está próximo a cambiar el semáforo en rojo.',112,58),
(2607,31,20230038,'No.',112,90),
(2608,6,20230038,'No estacionarse.',112,17),
(2609,34,20230038,'Con freno de mano y las ruedas delanteras dirigidas hacia la acera.',112,100),
(2610,50,20230038,'Falso.',112,148),
(2611,21,20230038,'Escolares, turísticas y comerciales.',112,62),
(2612,29,20230038,'60 Kilómetros por hora.',112,85),
(2613,4,20230038,'c) Permitirle el paso, colocarse en el extremo de la vialidad y hacer alto total.',112,12),
(2614,28,20230038,'Aumentar la velocidad.',112,83),
(2615,22,20230038,'No.',112,65),
(2616,46,20230038,'Dependiendo la cantidad de tráfico vehicular.',112,135),
(2617,12,20230038,'Vuelta continúa.',112,35),
(2618,43,20230038,'Prohibido avanzar.',112,128),
(2619,24,20230038,'El formato RVS07 que se expide en las delegaciones de la SECTE.',112,71),
(2620,49,20230038,'Peatones.',112,144),
(2621,48,20230038,'Transitar en el lado opuesto de la circulación',112,141),
(2622,8,20230038,'Para obtención de licencia.',113,24),
(2623,6,20230038,'Disminuir velocidad.',113,16),
(2624,31,20230038,'Sí, salvo que exista señalamiento que indique lo contrario.',113,92),
(2625,49,20230038,'Vehículos particulares.',113,146),
(2626,19,20230038,'Placa, tarjeta de circulación o licencia de conducir. Solo una de estas tres.',113,57),
(2627,12,20230038,'Desviación.',113,34),
(2628,28,20230038,'Mantener la misma velocidad.',113,82),
(2629,48,20230038,'Transitar en el lado opuesto de la circulación',113,141),
(2630,4,20230038,'c) Permitirle el paso, colocarse en el extremo de la vialidad y hacer alto total.',113,12),
(2631,25,20230038,'Cuando olvide colocarlas en mi vehículo.',113,72),
(2632,11,20230038,'Zona de hospitales.',113,33),
(2633,35,20230038,'Con freno de mano y las ruedas delanteras en posición inversa a la acera.',113,102),
(2634,29,20230038,'20 Kilómetros por hora.',113,86),
(2635,1,20230038,'Colocarse el cinturón de seguridad.',113,2),
(2636,44,20230038,'Cuándo esté lloviendo.',113,129),
(2637,37,20230038,'Todos los que viajen en el auto.',113,109),
(2638,5,20230038,'c) Si se estaciona sólo por unos cuantos minutos.',113,15),
(2639,24,20230038,'La tarjeta de circulación.',113,70),
(2640,18,20230038,'Proponer que cada conductor se haga cargo de los daños de vehículo y retirarse.',113,52),
(2641,13,20230038,'Amortiguadores, radio, calefacción.',113,38),
(2642,26,20230038,'Cuatro metros.',113,75),
(2643,33,20230038,'Una distancia prudente.',113,98),
(2644,7,20230038,'Infracción a las normas de vialidad.',113,20),
(2645,46,20230038,'La pavimentada. ',113,136),
(2646,23,20230038,'Sí, siempre y cuando el consumo no rebase los límites del alcoholímetro.',113,68),
(2647,21,20230038,'Preventivas, restrictivas e informativas.',113,61),
(2648,27,20230038,'Adultos mayores de 65 años.',113,79),
(2649,10,20230038,'Informativas del destino.',113,28),
(2650,40,20230038,'Glorieta con retorno.',113,119),
(2651,47,20230038,'Es una obligación señalada en el artículo 132 del Reglamento de la Ley de Comunicaciones y Transportes en Materia de Transporte Público y Privado.',113,139),
(2652,39,20230038,'Obras en proceso de construcción.',113,116),
(2653,16,20230038,'Claxon cuya potencia no lastime los oídos de los transeúntes y conductores.',113,48),
(2654,9,20230038,'Únicamente el agente vial y deberá acercarse por el lado del conductor portando casco y gafete de identificación.',113,27),
(2655,2,20230038,'c) En la cajuela.',113,6),
(2656,17,20230038,'Orillarse y usar su unidad para detener el tráfico vehicular.',113,49),
(2657,42,20230038,'Sin lugares, pase al siguiente estacionamiento.',113,124),
(2658,36,20230038,'En estacionamientos.',113,106),
(2659,15,20230038,'Rótulos, carteles u objetos que obstruyan la visibilidad y vidrios polarizados.',113,43),
(2660,20,20230038,'Verde: vía libre para el conductor respetando los límites de velocidad establecidos. Rojo: Alto total. Ámbar: precaución ya que está próximo a cambiar el semáforo en rojo.',113,58),
(2661,45,20230038,'Solicitar la corrección en la Secretaría de Comunicaciones y Transportes.',113,132),
(2662,4,20230038,'a) Bajar la velocidad.',114,10),
(2663,17,20230038,'Seguir su marcha, salvo que las autoridades que estén presentes en el lugar del accidente, soliciten su apoyo.',114,51),
(2664,35,20230038,'Con freno de mano y las llantas en dirección al sentido de la circulación de la calle.',114,104),
(2665,19,20230038,'Dos placas, tarjeta de circulación y licencia.',114,56),
(2666,22,20230038,'Sí.',114,64),
(2667,50,20230038,'Cierto.',114,147),
(2668,20,20230038,'Verde en máxima velocidad y rojo bajar la velocidad. La luz amarilla dependerá del horario del día.',114,59),
(2669,41,20230038,'Sin estacionamiento.',114,121),
(2670,29,20230038,'60 Kilómetros por hora.',114,85),
(2671,6,20230038,'Disminuir velocidad.',114,16),
(2672,5,20230038,'a) Si es o transporta persona con discapacidad.',114,13),
(2673,7,20230038,'Causa de detención del vehículo.',114,21),
(2674,1,20230038,'Encender las luces.',114,1),
(2675,12,20230038,'Vuelta continúa.',114,35),
(2676,38,20230038,'Grúas.',114,113),
(2677,45,20230038,'Entregar la tarjeta al oficial y recibir la infracción.',114,133),
(2678,43,20230038,'Prohibido avanzar.',114,128),
(2679,23,20230038,'Sí, siempre y cuando el conductor no consuma bebidas alcohólicas.',114,66),
(2680,33,20230038,'La que permita la maniobra de estacionamiento.',114,97),
(2681,27,20230038,'Adultos mayores de 65 años.',114,79),
(2682,40,20230038,'Prohibido dar vuelta en “U”.',114,118),
(2683,37,20230038,'El conductor.',114,108),
(2684,47,20230038,'Educación.',114,138),
(2685,24,20230038,'El formato RVS07 que se expide en las delegaciones de la SECTE.',114,71),
(2686,30,20230038,'Variable dependiendo las indicaciones del agente de tránsito.',114,89),
(2687,16,20230038,'Cuartos delanteros de luz ámbar y traseros de luz roja.',114,47),
(2688,32,20230038,'10 metros.',114,94),
(2689,25,20230038,'En ningún caso.',114,74),
(2690,42,20230038,'No hay extinguidor.',114,123),
(2691,2,20230038,'c) En la cajuela.',114,6),
(2692,3,20230038,'b) Ninguna infracción.',114,8),
(2693,8,20230038,'Se requieren para pago de refrendo.',114,23),
(2694,34,20230038,'Con freno de mano y las llantas en dirección al sentido de la circulación de la calle.',114,101),
(2695,36,20230038,'En estacionamientos.',114,106),
(2696,18,20230038,'Tratar de llegar a un acuerdo y en caso negativo, acompañar a la autoridad ante el Agente del Ministerio Público y los vehículos serán remitidos al corralón autorizado.',114,53),
(2697,28,20230038,'Bajar la velocidad.',114,81),
(2698,26,20230038,'La suficiente para que ingrese un vehículo si busca rebasarme.',114,77),
(2699,49,20230038,'Peatones.',114,144),
(2700,31,20230038,'No.',114,90),
(2701,10,20230038,'Informativas del destino.',114,28),
(2702,47,20230038,'Es una obligación señalada en el artículo 132 del Reglamento de la Ley de Comunicaciones y Transportes en Materia de Transporte Público y Privado.',115,139),
(2703,48,20230038,'Circular por la extrema derecha de la vía respetando la formación de vehículos en tránsito sin colocarse entre dos de ellos.',115,142),
(2704,14,20230038,'Desde que empiece a oscurecer, de noche, o cuando no haya suficiente visibilidad en el día.',115,40),
(2705,38,20230038,'Grúas.',115,113),
(2706,18,20230038,'Proponer que cada conductor se haga cargo de los daños de vehículo y retirarse.',115,52),
(2707,26,20230038,'Cuatro metros.',115,75),
(2708,4,20230038,'a) Bajar la velocidad.',115,10),
(2709,24,20230038,'La tarjeta de circulación.',115,70),
(2710,2,20230038,'a) En el asiento trasero.',115,4),
(2711,45,20230038,'Solicitar la corrección en la Secretaría de Comunicaciones y Transportes.',115,132),
(2712,43,20230038,'Sin lugares, pase al siguiente estacionamiento.',115,127),
(2713,27,20230038,'Ninguno.',115,80),
(2714,3,20230038,'a) Abuso de autoridad.',115,7),
(2715,44,20230038,'En días inhábiles.',115,131),
(2716,39,20230038,'Prohibido girar a la izquierda.',115,114),
(2717,41,20230038,'Prohibido doblar a la izquierda.',115,122),
(2718,35,20230038,'Con freno de mano y las llantas en el mismo sentido de la acera.',115,103),
(2719,30,20230038,'Variable dependiendo las indicaciones del agente de tránsito.',115,89),
(2720,10,20230038,'Preventivas.',115,29),
(2721,46,20230038,'Dependiendo la cantidad de tráfico vehicular.',115,135),
(2722,34,20230038,'Con freno de mano y las llantas en sentido inverso a la acera.',115,99),
(2723,12,20230038,'Desviación.',115,34),
(2724,31,20230038,'Si.',115,91),
(2725,11,20230038,'Alto total.',115,31),
(2726,42,20230038,'No hay extinguidor.',115,123),
(2727,29,20230038,'60 Kilómetros por hora.',115,85),
(2728,28,20230038,'Bajar la velocidad.',115,81),
(2729,49,20230038,'Vehículos particulares.',115,146),
(2730,50,20230038,'Solo en escuelas de nivel pre escolar y básico.',115,149),
(2731,40,20230038,'Prohibido dar vuelta en “U”.',115,118),
(2732,19,20230038,'Placa, tarjeta de circulación o licencia de conducir. Solo una de estas tres.',115,57),
(2733,21,20230038,'Para transporte público y privado.',115,63),
(2734,1,20230038,'Colocarse el cinturón de seguridad.',115,2),
(2735,13,20230038,'Verificar niveles, llantas y espejos.',115,37),
(2736,23,20230038,'No, conductor y acompañantes deben abstenerse de consumir bebidas alcohólicas.',115,67),
(2737,25,20230038,'Salvo causa justificada que acredite con el documento idóneo.',115,73),
(2738,9,20230038,'El agente de tránsito y el conductor.',115,26),
(2739,33,20230038,'Una distancia prudente.',115,98),
(2740,22,20230038,'No.',115,65),
(2741,8,20230038,'Para obtención de licencia.',115,24),
(2742,49,20230039,'Vehículos particulares.',116,146),
(2743,13,20230039,'Verificar niveles, llantas y espejos.',116,37),
(2744,16,20230039,'Cuartos delanteros de luz ámbar y traseros de luz roja.',116,47),
(2745,30,20230039,'30 Kilómetros por hora.',116,88),
(2746,42,20230039,'Sin lugares, pase al siguiente estacionamiento.',116,124),
(2747,2,20230039,'c) En la cajuela.',116,6),
(2748,14,20230039,'Desde que empieza a circular.',116,41),
(2749,21,20230039,'Para transporte público y privado.',116,63),
(2750,34,20230039,'Con freno de mano y las llantas en dirección al sentido de la circulación de la calle.',116,101),
(2751,9,20230039,'El conductor con licencia y tarjeta de circulación.',116,25),
(2752,18,20230039,'Tratar de llegar a un acuerdo y en caso negativo, acompañar a la autoridad ante el Agente del Ministerio Público y los vehículos serán remitidos al corralón autorizado.',116,53),
(2753,22,20230039,'Sí.',116,64),
(2754,8,20230039,'Para obtención de licencia.',116,24),
(2755,36,20230039,'En estacionamientos.',116,106),
(2756,47,20230039,'De caballerosidad para ceder el paso a las mujeres.',116,140),
(2757,15,20230039,'Propaganda política que te identifique con algún partido político.',116,44),
(2758,43,20230039,'Prohibido avanzar.',116,128),
(2759,19,20230039,'Dos placas, tarjeta de circulación y licencia.',116,56),
(2760,7,20230039,'Causa de detención del vehículo.',116,21),
(2761,37,20230039,'Todos los que viajen en el auto.',116,109),
(2762,47,20230039,'Es una obligación señalada en el artículo 132 del Reglamento de la Ley de Comunicaciones y Transportes en Materia de Transporte Público y Privado.',117,139),
(2763,41,20230039,'Sin estacionamiento.',117,121),
(2764,4,20230039,'a) Bajar la velocidad.',117,10),
(2765,2,20230039,'b) En el asiento delantero.',117,5),
(2766,31,20230039,'Si.',117,91),
(2767,8,20230039,'Para obtención de licencia.',117,24),
(2768,16,20230039,'Sirenas, faros rojos, torretas, luces blancas o aditamentos exclusivos de unidades destinadas a la seguridad pública.',117,46),
(2769,5,20230039,'c) Si se estaciona sólo por unos cuantos minutos.',117,15),
(2770,7,20230039,'Legal para no estresarse.',117,19),
(2771,48,20230039,'Transitar en el lado opuesto de la circulación',117,141),
(2772,24,20230039,'El formato RVS07 que se expide en las delegaciones de la SECTE.',117,71),
(2773,46,20230039,'Dependiendo la cantidad de tráfico vehicular.',117,135),
(2774,50,20230039,'Solo en escuelas de nivel pre escolar y básico.',117,149),
(2775,10,20230039,'Informativas del destino.',117,28),
(2776,33,20230039,'Una distancia prudente.',117,98),
(2777,6,20230039,'Disminuir velocidad.',117,16),
(2778,1,20230039,'Colocarse el cinturón de seguridad.',117,2),
(2779,30,20230039,'30 Kilómetros por hora.',117,88),
(2780,42,20230039,'Sin lugares, pase al siguiente estacionamiento.',117,124),
(2781,28,20230039,'Mantener la misma velocidad.',117,82),
(2782,50,20230039,'Solo en escuelas de nivel pre escolar y básico.',118,149),
(2783,2,20230039,'a) En el asiento trasero.',118,4),
(2784,39,20230039,'Prohibido dar vuelta en “U”.',118,115),
(2785,14,20230039,'Desde que empiece a oscurecer, de noche, o cuando no haya suficiente visibilidad en el día.',118,40),
(2786,26,20230039,'Un metro.',118,76),
(2787,9,20230039,'Únicamente el agente vial y deberá acercarse por el lado del conductor portando casco y gafete de identificación.',118,27),
(2788,22,20230039,'Sí.',118,64),
(2789,42,20230039,'Prohibido estacionarse.',118,125),
(2790,29,20230039,'20 Kilómetros por hora.',118,86),
(2791,10,20230039,'Informativas del destino.',118,28),
(2792,4,20230039,'c) Permitirle el paso, colocarse en el extremo de la vialidad y hacer alto total.',118,12),
(2793,19,20230039,'Dos placas, tarjeta de circulación y licencia.',118,56),
(2794,32,20230039,'Una cuarta parte de la longitud de la calle.',118,95),
(2795,15,20230039,'Propaganda política que te identifique con algún partido político.',118,44),
(2796,36,20230039,'En las aceras, camellones, puentes y en la entrada de vehículos de casas particulares.',118,105),
(2797,43,20230039,'No hay extinguidor.',118,126),
(2798,11,20230039,'Zona de hospitales.',118,33),
(2799,13,20230039,'Vestiduras, extinguidor y aire acondicionado.',118,39),
(2800,16,20230039,'Sirenas, faros rojos, torretas, luces blancas o aditamentos exclusivos de unidades destinadas a la seguridad pública.',118,46),
(2801,28,20230039,'Bajar la velocidad.',118,81),
(2802,35,20230039,'Con freno de mano y las llantas en el mismo sentido de la acera.',119,103),
(2803,26,20230039,'La suficiente para que ingrese un vehículo si busca rebasarme.',119,77),
(2804,16,20230039,'Claxon cuya potencia no lastime los oídos de los transeúntes y conductores.',119,48),
(2805,1,20230039,'Encender las luces.',119,1),
(2806,3,20230039,'a) Abuso de autoridad.',119,7),
(2807,12,20230039,'Zona escolar.',119,36),
(2808,23,20230039,'Sí, siempre y cuando el consumo no rebase los límites del alcoholímetro.',119,68),
(2809,2,20230039,'c) En la cajuela.',119,6),
(2810,41,20230039,'Sin estacionamiento.',119,121),
(2811,43,20230039,'No hay extinguidor.',119,126),
(2812,48,20230039,'Circular por la extrema derecha de la vía respetando la formación de vehículos en tránsito sin colocarse entre dos de ellos.',119,142),
(2813,17,20230039,'Seguir su marcha, salvo que las autoridades que estén presentes en el lugar del accidente, soliciten su apoyo.',119,51),
(2814,20,20230039,'Luz verde permitir el paso a los peatones, si no hay quien cruce la calle me puedo pasar. Luz roja alto total y si no hay peatones también me puedo pasar.',119,60),
(2815,27,20230039,'Ninguno.',119,80),
(2816,6,20230039,'Circulación en doble sentido.',119,18),
(2817,44,20230039,'En días inhábiles.',119,131),
(2818,9,20230039,'Únicamente el agente vial y deberá acercarse por el lado del conductor portando casco y gafete de identificación.',119,27),
(2819,42,20230039,'Sin lugares, pase al siguiente estacionamiento.',119,124),
(2820,31,20230039,'Si.',119,91),
(2821,8,20230039,'Se requieren para pago de refrendo.',119,23),
(2822,11,20230039,'Preventiva.',120,32),
(2823,36,20230039,'En las aceras, camellones, puentes y en la entrada de vehículos de casas particulares.',120,105),
(2824,1,20230039,'Activar la alarma.',120,3),
(2825,12,20230039,'Desviación.',120,34),
(2826,40,20230039,'Prohibido dar vuelta en “U”.',120,118),
(2827,20,20230039,'Luz verde permitir el paso a los peatones, si no hay quien cruce la calle me puedo pasar. Luz roja alto total y si no hay peatones también me puedo pasar.',120,60),
(2828,49,20230039,'Peatones.',120,144),
(2829,31,20230039,'Si.',120,91),
(2830,29,20230039,'20 Kilómetros por hora.',120,86),
(2831,42,20230039,'Sin lugares, pase al siguiente estacionamiento.',120,124),
(2832,10,20230039,'Informativas del destino.',120,28),
(2833,9,20230039,'El agente de tránsito y el conductor.',120,26),
(2834,32,20230039,'Una cuarta parte de la longitud de la calle.',120,95),
(2835,39,20230039,'Prohibido girar a la izquierda.',120,114),
(2836,44,20230039,'Cuando un tren en marcha se encuentre aproximadamente a doscientos metros del cruce o emita una señal audible.',120,130),
(2837,33,20230039,'La que permita la maniobra de estacionamiento.',120,97),
(2838,18,20230039,'Tratar de llegar a un acuerdo y en caso negativo, acompañar a la autoridad ante el Agente del Ministerio Público y los vehículos serán remitidos al corralón autorizado.',120,53),
(2839,16,20230039,'Sirenas, faros rojos, torretas, luces blancas o aditamentos exclusivos de unidades destinadas a la seguridad pública.',120,46),
(2840,4,20230039,'c) Permitirle el paso, colocarse en el extremo de la vialidad y hacer alto total.',120,12),
(2841,50,20230039,'Falso.',120,148),
(2842,42,20230039,'Prohibido estacionarse.',121,125),
(2843,34,20230039,'Con freno de mano y las ruedas delanteras dirigidas hacia la acera.',121,100),
(2844,12,20230039,'Desviación.',121,34),
(2845,4,20230039,'b) Acelera y pasar primero.',121,11),
(2846,22,20230039,'Sí.',121,64),
(2847,30,20230039,'30 Kilómetros por hora.',121,88),
(2848,49,20230039,'Personas de la tercera edad.',121,145),
(2849,16,20230039,'Cuartos delanteros de luz ámbar y traseros de luz roja.',121,47),
(2850,45,20230039,'El vehículo será remitido al corralón autorizado y lo pondrá a disposición de la autoridad competente.',121,134),
(2851,25,20230039,'Cuando olvide colocarlas en mi vehículo.',121,72),
(2852,8,20230039,'Se requieren para pago de refrendo.',121,23),
(2853,35,20230039,'Con freno de mano y las llantas en dirección al sentido de la circulación de la calle.',121,104),
(2854,7,20230039,'Causa de detención del vehículo.',121,21),
(2855,46,20230039,'La pavimentada. ',121,136),
(2856,23,20230039,'Sí, siempre y cuando el conductor no consuma bebidas alcohólicas.',121,66),
(2857,50,20230039,'Falso.',121,148),
(2858,19,20230039,'Credencial del INE y placa delantera.',121,55),
(2859,3,20230039,'c) Infracción y delito.',121,9),
(2860,47,20230039,'Educación.',121,138),
(2861,17,20230039,'Orillarse y usar su unidad para detener el tráfico vehicular.',121,49),
(2862,31,20230039,'Si.',121,91),
(2863,27,20230039,'Ninguno.',121,80),
(2864,5,20230039,'b) Si es el único espacio disponible.',121,14),
(2865,40,20230039,'Prohibido dar vuelta en “U”.',121,118),
(2866,9,20230039,'El conductor con licencia y tarjeta de circulación.',121,25),
(2867,44,20230039,'En días inhábiles.',121,131),
(2868,26,20230039,'La suficiente para que ingrese un vehículo si busca rebasarme.',121,77),
(2869,48,20230039,'Circular por la extrema derecha de la vía respetando la formación de vehículos en tránsito sin colocarse entre dos de ellos.',121,142),
(2870,41,20230039,'Seguir de frente.',121,120),
(2871,28,20230039,'Aumentar la velocidad.',121,83),
(2872,36,20230039,'En zonas de parquímetros.',121,107),
(2873,43,20230039,'Sin lugares, pase al siguiente estacionamiento.',121,127),
(2874,15,20230039,'Chip de REPUVE.',121,45),
(2875,32,20230039,'Una cuarta parte de la longitud de la calle.',121,95),
(2876,24,20230039,'La tarjeta de circulación.',121,70),
(2877,6,20230039,'No estacionarse.',121,17),
(2878,13,20230039,'Vestiduras, extinguidor y aire acondicionado.',121,39),
(2879,33,20230039,'20 centímetros.',121,96),
(2880,38,20230039,'Vehículos.',121,112),
(2881,14,20230039,'Desde que empiece a oscurecer, de noche, o cuando no haya suficiente visibilidad en el día.',121,40),
(2882,42,20230039,'Prohibido estacionarse.',122,125),
(2883,41,20230039,'Sin estacionamiento.',122,121),
(2884,9,20230039,'El agente de tránsito y el conductor.',122,26),
(2885,3,20230039,'b) Ninguna infracción.',122,8),
(2886,46,20230039,'La pavimentada. ',122,136),
(2887,40,20230039,'Prohibido dar vuelta en “U”.',122,118),
(2888,34,20230039,'Con freno de mano y las llantas en dirección al sentido de la circulación de la calle.',122,101),
(2889,8,20230039,'Se requieren para pago de refrendo.',122,23),
(2890,36,20230039,'En estacionamientos.',122,106),
(2891,13,20230039,'Amortiguadores, radio, calefacción.',122,38),
(2892,32,20230039,'La que resulte necesaria.',122,93),
(2893,16,20230039,'Claxon cuya potencia no lastime los oídos de los transeúntes y conductores.',122,48),
(2894,14,20230039,'Cuando circule por intersecciones.',122,42),
(2895,50,20230039,'Falso.',122,148),
(2896,6,20230039,'Circulación en doble sentido.',122,18),
(2897,30,20230039,'30 Kilómetros por hora.',122,88),
(2898,22,20230039,'No.',122,65),
(2899,33,20230039,'20 centímetros.',122,96),
(2900,45,20230039,'El vehículo será remitido al corralón autorizado y lo pondrá a disposición de la autoridad competente.',122,134),
(2901,17,20230039,'Seguir su marcha, salvo que las autoridades que estén presentes en el lugar del accidente, soliciten su apoyo.',122,51),
(2902,4,20230039,'c) Permitirle el paso, colocarse en el extremo de la vialidad y hacer alto total.',122,12),
(2903,37,20230039,'El conductor.',122,108),
(2904,12,20230039,'Desviación.',122,34),
(2905,2,20230039,'b) En el asiento delantero.',122,5),
(2906,35,20230039,'Con freno de mano y las llantas en dirección al sentido de la circulación de la calle.',122,104),
(2907,49,20230039,'Personas de la tercera edad.',122,145),
(2908,31,20230039,'Sí, salvo que exista señalamiento que indique lo contrario.',122,92),
(2909,38,20230039,'Grúas.',122,113),
(2910,48,20230039,'Transitar en el lado opuesto de la circulación',122,141),
(2911,18,20230039,'Llamar al seguro y dirigirse a la agencia.',122,54),
(2912,29,20230039,'20 Kilómetros por hora.',122,86),
(2913,23,20230039,'No, conductor y acompañantes deben abstenerse de consumir bebidas alcohólicas.',122,67),
(2914,5,20230039,'b) Si es el único espacio disponible.',122,14),
(2915,20,20230039,'Verde: vía libre para el conductor respetando los límites de velocidad establecidos. Rojo: Alto total. Ámbar: precaución ya que está próximo a cambiar el semáforo en rojo.',122,58),
(2916,24,20230039,'La factura del vehículo.',122,69),
(2917,10,20230039,'Informativas del destino.',122,28),
(2918,15,20230039,'Chip de REPUVE.',122,45),
(2919,7,20230039,'Infracción a las normas de vialidad.',122,20),
(2920,11,20230039,'Preventiva.',122,32),
(2921,26,20230039,'La suficiente para que ingrese un vehículo si busca rebasarme.',122,77);
/*!40000 ALTER TABLE `examen_estudiante` ENABLE KEYS */;
UNLOCK TABLES;

--
-- Table structure for table `historial_estudiante`
--

DROP TABLE IF EXISTS `historial_estudiante`;
/*!40101 SET @saved_cs_client     = @@character_set_client */;
/*!40101 SET character_set_client = utf8mb4 */;
CREATE TABLE `historial_estudiante` (
  `id_record` int(11) NOT NULL AUTO_INCREMENT,
  `matricula` bigint(20) DEFAULT NULL,
  `tipo_test` varchar(15) DEFAULT NULL,
  `fecha_hora_realiza` datetime DEFAULT NULL,
  `calificacion` decimal(5,2) DEFAULT NULL,
  PRIMARY KEY (`id_record`),
  KEY `matricula` (`matricula`),
  CONSTRAINT `historial_estudiante_ibfk_1` FOREIGN KEY (`matricula`) REFERENCES `estudiante` (`matricula`)
) ENGINE=InnoDB AUTO_INCREMENT=123 DEFAULT CHARSET=utf8mb4 COLLATE=utf8mb4_unicode_ci;
/*!40101 SET character_set_client = @saved_cs_client */;

--
-- Dumping data for table `historial_estudiante`
--

LOCK TABLES `historial_estudiante` WRITE;
/*!40000 ALTER TABLE `historial_estudiante` DISABLE KEYS */;
INSERT INTO `historial_estudiante` VALUES
(1,20230001,'practica','2025-04-25 22:22:41',50.00),
(2,20230001,'practica','2025-04-25 22:29:08',30.00),
(3,20230001,'practica','2025-04-25 22:29:46',25.00),
(4,20230001,'practica','2025-04-25 22:30:29',35.00),
(5,20230001,'practica','2025-04-25 22:30:59',40.00),
(6,20230001,'practica','2025-04-25 22:31:44',35.00),
(7,20230001,'final','2025-04-25 23:54:07',42.50),
(8,20230001,'final','2025-04-25 23:55:30',37.50),
(9,20230001,'final','2025-04-25 23:56:57',32.50),
(10,20230002,'practica','2025-04-26 00:29:25',75.00),
(11,20230018,'practica','2025-04-26 01:02:20',30.00),
(12,20230018,'final','2025-05-07 03:19:09',95.00),
(13,20230018,'practica','2025-05-07 03:36:21',35.00),
(14,20230018,'practica','2025-05-07 03:37:39',35.00),
(15,20230018,'practica','2025-05-07 03:38:13',30.00),
(16,20230018,'practica','2025-05-07 03:38:54',30.00),
(17,20230018,'practica','2025-05-07 03:40:06',50.00),
(18,20230019,'practica','2025-05-07 03:42:34',30.00),
(19,20230019,'final','2025-05-07 03:43:43',40.00),
(20,20230020,'practica','2025-05-07 04:07:11',55.00),
(21,20230020,'final','2025-05-07 04:07:11',22.50),
(22,20230021,'practica','2025-05-07 04:07:11',40.00),
(23,20230021,'practica','2025-05-07 04:07:11',35.00),
(24,20230021,'practica','2025-05-07 04:07:11',55.00),
(25,20230021,'final','2025-05-07 04:07:12',35.00),
(26,20230022,'practica','2025-05-07 04:07:12',35.00),
(27,20230022,'practica','2025-05-07 04:07:12',15.00),
(28,20230022,'practica','2025-05-07 04:07:12',25.00),
(29,20230022,'practica','2025-05-07 04:07:12',25.00),
(30,20230022,'practica','2025-05-07 04:07:12',35.00),
(31,20230022,'final','2025-05-07 04:07:12',40.00),
(32,20230022,'final','2025-05-07 04:07:12',35.00),
(33,20230022,'final','2025-05-07 04:07:12',30.00),
(34,20230023,'practica','2025-05-07 04:07:12',35.00),
(35,20230023,'practica','2025-05-07 04:07:12',45.00),
(36,20230023,'practica','2025-05-07 04:07:12',45.00),
(37,20230023,'practica','2025-05-07 04:07:12',45.00),
(38,20230023,'final','2025-05-07 04:07:12',47.50),
(39,20230023,'final','2025-05-07 04:07:12',27.50),
(40,20230023,'final','2025-05-07 04:07:12',35.00),
(41,20230024,'practica','2025-05-07 04:07:12',30.00),
(42,20230024,'practica','2025-05-07 04:07:12',50.00),
(43,20230024,'final','2025-05-07 04:07:12',37.50),
(44,20230024,'final','2025-05-07 04:07:12',35.00),
(45,20230025,'practica','2025-05-07 04:07:12',25.00),
(46,20230025,'practica','2025-05-07 04:07:12',20.00),
(47,20230025,'practica','2025-05-07 04:07:12',20.00),
(48,20230025,'practica','2025-05-07 04:07:12',30.00),
(49,20230025,'final','2025-05-07 04:07:13',25.00),
(50,20230026,'practica','2025-05-07 04:07:13',45.00),
(51,20230026,'practica','2025-05-07 04:07:13',30.00),
(52,20230026,'practica','2025-05-07 04:07:13',55.00),
(53,20230026,'final','2025-05-07 04:07:13',22.50),
(54,20230027,'practica','2025-05-07 04:07:13',40.00),
(55,20230027,'practica','2025-05-07 04:07:13',40.00),
(56,20230027,'final','2025-05-07 04:07:13',40.00),
(57,20230027,'final','2025-05-07 04:07:13',27.50),
(58,20230028,'practica','2025-05-07 04:07:13',40.00),
(59,20230028,'practica','2025-05-07 04:07:13',40.00),
(60,20230028,'practica','2025-05-07 04:07:13',30.00),
(61,20230028,'practica','2025-05-07 04:07:13',35.00),
(62,20230028,'practica','2025-05-07 04:07:13',25.00),
(63,20230028,'practica','2025-05-07 04:07:13',20.00),
(64,20230028,'final','2025-05-07 04:07:13',37.50),
(65,20230028,'final','2025-05-07 04:07:13',22.50),
(66,20230029,'practica','2025-05-07 04:07:13',40.00),
(67,20230029,'practica','2025-05-07 04:07:13',35.00),
(68,20230029,'practica','2025-05-07 04:07:13',40.00),
(69,20230029,'final','2025-05-07 04:07:13',37.50),
(70,20230029,'final','2025-05-07 04:07:13',27.50),
(71,20230029,'final','2025-05-07 04:07:13',35.00),
(72,20230030,'practica','2025-05-07 04:10:32',25.00),
(73,20230030,'practica','2025-05-07 04:10:32',20.00),
(74,20230030,'practica','2025-05-07 04:10:32',25.00),
(75,20230030,'final','2025-05-07 04:10:33',30.00),
(76,20230030,'final','2025-05-07 04:10:33',20.00),
(77,20230030,'final','2025-05-07 04:10:33',27.50),
(78,20230031,'practica','2025-05-07 04:10:33',45.00),
(79,20230031,'final','2025-05-07 04:10:33',35.00),
(80,20230032,'practica','2025-05-07 04:10:33',35.00),
(81,20230032,'final','2025-05-07 04:10:33',30.00),
(82,20230032,'final','2025-05-07 04:10:33',32.50),
(83,20230033,'practica','2025-05-07 04:10:33',25.00),
(84,20230033,'practica','2025-05-07 04:10:33',45.00),
(85,20230033,'practica','2025-05-07 04:10:33',35.00),
(86,20230033,'practica','2025-05-07 04:10:33',30.00),
(87,20230033,'final','2025-05-07 04:10:33',35.00),
(88,20230033,'final','2025-05-07 04:10:33',35.00),
(89,20230034,'practica','2025-05-07 04:10:33',35.00),
(90,20230034,'practica','2025-05-07 04:10:33',30.00),
(91,20230034,'practica','2025-05-07 04:10:34',20.00),
(92,20230034,'practica','2025-05-07 04:10:34',45.00),
(93,20230034,'practica','2025-05-07 04:10:34',35.00),
(94,20230034,'final','2025-05-07 04:10:34',25.00),
(95,20230034,'final','2025-05-07 04:10:34',25.00),
(96,20230035,'practica','2025-05-07 04:10:34',55.00),
(97,20230035,'practica','2025-05-07 04:10:34',40.00),
(98,20230035,'final','2025-05-07 04:10:34',37.50),
(99,20230035,'final','2025-05-07 04:10:34',37.50),
(100,20230035,'final','2025-05-07 04:10:34',32.50),
(101,20230036,'practica','2025-05-07 04:10:34',45.00),
(102,20230036,'final','2025-05-07 04:10:34',27.50),
(103,20230036,'final','2025-05-07 04:10:34',27.50),
(104,20230037,'practica','2025-05-07 04:10:34',45.00),
(105,20230037,'practica','2025-05-07 04:10:34',25.00),
(106,20230037,'practica','2025-05-07 04:10:34',45.00),
(107,20230037,'practica','2025-05-07 04:10:34',30.00),
(108,20230037,'final','2025-05-07 04:10:34',22.50),
(109,20230038,'practica','2025-05-07 04:10:35',40.00),
(110,20230038,'practica','2025-05-07 04:10:35',35.00),
(111,20230038,'practica','2025-05-07 04:10:35',35.00),
(112,20230038,'practica','2025-05-07 04:10:35',35.00),
(113,20230038,'final','2025-05-07 04:10:35',32.50),
(114,20230038,'final','2025-05-07 04:10:35',25.00),
(115,20230038,'final','2025-05-07 04:10:35',35.00),
(116,20230039,'practica','2025-05-07 04:10:35',25.00),
(117,20230039,'practica','2025-05-07 04:10:35',15.00),
(118,20230039,'practica','2025-05-07 04:10:35',40.00),
(119,20230039,'practica','2025-05-07 04:10:35',25.00),
(120,20230039,'practica','2025-05-07 04:10:35',35.00),
(121,20230039,'final','2025-05-07 04:10:35',27.50),
(122,20230039,'final','2025-05-07 04:10:35',35.00);
/*!40000 ALTER TABLE `historial_estudiante` ENABLE KEYS */;
UNLOCK TABLES;

--
-- Table structure for table `preguntas`
--

DROP TABLE IF EXISTS `preguntas`;
/*!40101 SET @saved_cs_client     = @@character_set_client */;
/*!40101 SET character_set_client = utf8mb4 */;
CREATE TABLE `preguntas` (
  `id_pregunta` int(11) NOT NULL,
  `codigo_imagen` int(11) DEFAULT NULL,
  `reactivo` varchar(250) DEFAULT NULL,
  `tipo_etiqueta_html` char(1) DEFAULT NULL,
  PRIMARY KEY (`id_pregunta`),
  KEY `codigo_imagen` (`codigo_imagen`),
  CONSTRAINT `preguntas_ibfk_1` FOREIGN KEY (`codigo_imagen`) REFERENCES `banco_imagenes` (`codigo_imagen`)
) ENGINE=InnoDB DEFAULT CHARSET=utf8mb4 COLLATE=utf8mb4_unicode_ci;
/*!40101 SET character_set_client = @saved_cs_client */;

--
-- Dumping data for table `preguntas`
--

LOCK TABLES `preguntas` WRITE;
/*!40000 ALTER TABLE `preguntas` DISABLE KEYS */;
INSERT INTO `preguntas` VALUES
(1,1,'Antes de encender el vehículo, el conductor deberá:','P'),
(2,NULL,'¿En qué parte del vehículo deben viajar los niños?','P'),
(3,NULL,'Si usted conduce un vehículo en estado de ebriedad o bajo la influencia de algún estupefaciente, está cometiendo:','P'),
(4,NULL,'Cuando un vehículo de emergencia circula con códigos encendidos y sirena, ¿qué debe hacer?','P'),
(5,NULL,'¿Cuándo se puede estacionar en lugares reservados para personas con discapacidad?','P'),
(6,6,'¿Qué significa esta señalética?','P'),
(7,NULL,'Usar teléfono u otro aparato de radiocomunicación mientras conduce se considera:','P'),
(8,NULL,'Las placas, el engomado y la tarjeta de circulación son documentos:','P'),
(9,NULL,'En caso de que un agente de tránsito le indique en vía pública que se detenga, ¿quién debe bajar del vehículo?','P'),
(10,NULL,'Las señales de color negro sobre fondo amarillo son:','P'),
(11,NULL,'¿Cuál es el significado de la luz ámbar o amarilla en los semáforos?','P'),
(12,12,'¿Qué significa esta señalética?','P'),
(13,NULL,'Antes de iniciar la conducción, ¿qué puntos básicos de seguridad del vehículo debe revisar?','P'),
(14,NULL,'¿Cuándo es necesario llevar encendidas las luces delanteras y traseras de su vehículo?','P'),
(15,NULL,'Está prohibido que los vehículos porten en el parabrisas y ventanillas:','P'),
(16,NULL,'Se prohíbe usar en vehículos particulares este tipo de luces y sonidos.','P'),
(17,NULL,'Si usted va conduciendo su vehículo y es testigo de un accidente, ¿cómo debe proceder?','P'),
(18,NULL,'Si usted se ve implicado en un accidente en donde solo existen daños materiales, ¿Cómo debe proceder?','P'),
(19,NULL,'Si usted incurre en alguna infracción, ¿qué garantías puede retenerle la autoridad?','P'),
(20,NULL,'De las siguientes afirmaciones, ¿cuál es la interpretación correcta de las luces de los semáforos?','P'),
(21,NULL,'¿Cómo se clasifican las señales de tránsito?','P'),
(22,NULL,'Si existe línea continua, ¿puedo cambiar de carril?','P'),
(23,NULL,'¿Está permitido consumir bebidas alcohólicas dentro de un auto en circulación?','P'),
(24,NULL,'¿En dónde está señalado el número de pasajeros que se puede transportar en un vehículo?','P'),
(25,NULL,'¿Cuándo puede circular sin una o ambas placas de circulación?','P'),
(26,NULL,'¿Qué distancia debes guardar con el vehículo que esté adelante mientras te desplazas?','P'),
(27,NULL,'Está prohibido que viajen en el asiento contiguo al conductor del vehículo:','P'),
(28,NULL,'Si un vehículo busca rebasarte ¿qué debes hacer?','P'),
(29,NULL,'¿Cuál es la velocidad máxima en zonas urbanas?','P'),
(30,NULL,'¿Cuál es la velocidad máxima en zonas escolares?','P'),
(31,NULL,'La vuelta a la derecha, ¿es siempre continua?','P'),
(32,NULL,'¿Qué distancia puede recorrer un vehículo en reversa?','P'),
(33,NULL,'Al estacionarte, ¿cuál es la distancia máxima entre el auto y la banqueta?','P'),
(34,NULL,'¿Cómo debe dejar el vehículo si es estacionado en bajada?','P'),
(35,NULL,'¿Cómo debe quedar el auto si es estacionado en subida?','P'),
(36,NULL,'Está prohibido estacionar un vehículo en:','P'),
(37,NULL,'El uso del cinturón de seguridad es obligatorio para:','P'),
(38,NULL,'¿Para quién están destinadas las aceras de la vía pública?','P'),
(39,39,'¿Qué indica esta señalética?','P'),
(40,40,'¿Qué indica esta señalética?','P'),
(41,41,'¿Qué indica esta señalética?','P'),
(42,42,'¿Qué indica esta señalética?','P'),
(43,43,'¿Qué indica esta señalética?','P'),
(44,NULL,'¿En qué casos los vehículos que transiten por cruceros de ferrocarril no podrán cruzar?','P'),
(45,NULL,'Si al momento de la revisión por un agente de tránsito los datos de la tarjeta de circulación no coinciden con los datos del vehículo que conduce, ¿qué procede?','P'),
(46,NULL,'Si en una intersección una calle esta pavimentada y la otra es de terracería ¿cuál de ellas tiene la preferencia?','P'),
(47,NULL,'El paso “uno x uno” para facilitar el tránsito de los vehículos es un acto de:','P'),
(48,NULL,'Es una obligación de los conductores de bicicleta:','P'),
(49,NULL,'Los pasos de cebra marcados en el pavimento señalan el derecho de paso a:','P'),
(50,NULL,'Los escolares gozarán de preferencia para ascenso y descenso de vehículos y acceso o salida de sus centros de estudios','P');
/*!40000 ALTER TABLE `preguntas` ENABLE KEYS */;
UNLOCK TABLES;

--
-- Table structure for table `respuestas`
--

DROP TABLE IF EXISTS `respuestas`;
/*!40101 SET @saved_cs_client     = @@character_set_client */;
/*!40101 SET character_set_client = utf8mb4 */;
CREATE TABLE `respuestas` (
  `id_respuesta` int(11) NOT NULL,
  `id_pregunta` int(11) DEFAULT NULL,
  `opcion` varchar(255) DEFAULT NULL,
  `ok` tinyint(4) DEFAULT NULL,
  PRIMARY KEY (`id_respuesta`),
  KEY `id_pregunta` (`id_pregunta`),
  CONSTRAINT `respuestas_ibfk_1` FOREIGN KEY (`id_pregunta`) REFERENCES `preguntas` (`id_pregunta`)
) ENGINE=InnoDB DEFAULT CHARSET=utf8mb4 COLLATE=utf8mb4_unicode_ci;
/*!40101 SET character_set_client = @saved_cs_client */;

--
-- Dumping data for table `respuestas`
--

LOCK TABLES `respuestas` WRITE;
/*!40000 ALTER TABLE `respuestas` DISABLE KEYS */;
INSERT INTO `respuestas` VALUES
(1,1,'Encender las luces.',0),
(2,1,'Colocarse el cinturón de seguridad.',1),
(3,1,'Activar la alarma.',0),
(4,2,'a) En el asiento trasero.',1),
(5,2,'b) En el asiento delantero.',0),
(6,2,'c) En la cajuela.',0),
(7,3,'a) Abuso de autoridad.',0),
(8,3,'b) Ninguna infracción.',0),
(9,3,'c) Infracción y delito.',1),
(10,4,'a) Bajar la velocidad.',0),
(11,4,'b) Acelera y pasar primero.',0),
(12,4,'c) Permitirle el paso, colocarse en el extremo de la vialidad y hacer alto total.',1),
(13,5,'a) Si es o transporta persona con discapacidad.',1),
(14,5,'b) Si es el único espacio disponible.',0),
(15,5,'c) Si se estaciona sólo por unos cuantos minutos.',0),
(16,6,'Disminuir velocidad.',0),
(17,6,'No estacionarse.',0),
(18,6,'Circulación en doble sentido.',1),
(19,7,'Legal para no estresarse.',0),
(20,7,'Infracción a las normas de vialidad.',1),
(21,7,'Causa de detención del vehículo.',0),
(22,8,'Intransferibles que identifican al vehículo.',1),
(23,8,'Se requieren para pago de refrendo.',0),
(24,8,'Para obtención de licencia.',0),
(25,9,'El conductor con licencia y tarjeta de circulación.',1),
(26,9,'El agente de tránsito y el conductor.',0),
(27,9,'Únicamente el agente vial y deberá acercarse por el lado del conductor portando casco y gafete de identificación.',0),
(28,10,'Informativas del destino.',0),
(29,10,'Preventivas.',0),
(30,10,'Restrictivas.',1),
(31,11,'Alto total.',0),
(32,11,'Preventiva.',1),
(33,11,'Zona de hospitales.',0),
(34,12,'Desviación.',0),
(35,12,'Vuelta continúa.',0),
(36,12,'Zona escolar.',1),
(37,13,'Verificar niveles, llantas y espejos.',1),
(38,13,'Amortiguadores, radio, calefacción.',0),
(39,13,'Vestiduras, extinguidor y aire acondicionado.',0),
(40,14,'Desde que empiece a oscurecer, de noche, o cuando no haya suficiente visibilidad en el día.',1),
(41,14,'Desde que empieza a circular.',0),
(42,14,'Cuando circule por intersecciones.',0),
(43,15,'Rótulos, carteles u objetos que obstruyan la visibilidad y vidrios polarizados.',1),
(44,15,'Propaganda política que te identifique con algún partido político.',0),
(45,15,'Chip de REPUVE.',0),
(46,16,'Sirenas, faros rojos, torretas, luces blancas o aditamentos exclusivos de unidades destinadas a la seguridad pública.',1),
(47,16,'Cuartos delanteros de luz ámbar y traseros de luz roja.',0),
(48,16,'Claxon cuya potencia no lastime los oídos de los transeúntes y conductores.',0),
(49,17,'Orillarse y usar su unidad para detener el tráfico vehicular.',0),
(50,17,'Si observa que uno de los implicados se aleja a alta velocidad, deberá tomar fotografía con su teléfono celular de las placas.',0),
(51,17,'Seguir su marcha, salvo que las autoridades que estén presentes en el lugar del accidente, soliciten su apoyo.',1),
(52,18,'Proponer que cada conductor se haga cargo de los daños de vehículo y retirarse.',0),
(53,18,'Tratar de llegar a un acuerdo y en caso negativo, acompañar a la autoridad ante el Agente del Ministerio Público y los vehículos serán remitidos al corralón autorizado.',1),
(54,18,'Llamar al seguro y dirigirse a la agencia.',0),
(55,19,'Credencial del INE y placa delantera.',0),
(56,19,'Dos placas, tarjeta de circulación y licencia.',0),
(57,19,'Placa, tarjeta de circulación o licencia de conducir. Solo una de estas tres.',1),
(58,20,'Verde: vía libre para el conductor respetando los límites de velocidad establecidos. Rojo: Alto total. Ámbar: precaución ya que está próximo a cambiar el semáforo en rojo.',1),
(59,20,'Verde en máxima velocidad y rojo bajar la velocidad. La luz amarilla dependerá del horario del día.',0),
(60,20,'Luz verde permitir el paso a los peatones, si no hay quien cruce la calle me puedo pasar. Luz roja alto total y si no hay peatones también me puedo pasar.',0),
(61,21,'Preventivas, restrictivas e informativas.',1),
(62,21,'Escolares, turísticas y comerciales.',0),
(63,21,'Para transporte público y privado.',0),
(64,22,'Sí.',0),
(65,22,'No.',1),
(66,23,'Sí, siempre y cuando el conductor no consuma bebidas alcohólicas.',0),
(67,23,'No, conductor y acompañantes deben abstenerse de consumir bebidas alcohólicas.',1),
(68,23,'Sí, siempre y cuando el consumo no rebase los límites del alcoholímetro.',0),
(69,24,'La factura del vehículo.',0),
(70,24,'La tarjeta de circulación.',1),
(71,24,'El formato RVS07 que se expide en las delegaciones de la SECTE.',0),
(72,25,'Cuando olvide colocarlas en mi vehículo.',0),
(73,25,'Salvo causa justificada que acredite con el documento idóneo.',1),
(74,25,'En ningún caso.',0),
(75,26,'Cuatro metros.',0),
(76,26,'Un metro.',0),
(77,26,'La suficiente para que ingrese un vehículo si busca rebasarme.',1),
(78,27,'Menores de doce años.',1),
(79,27,'Adultos mayores de 65 años.',0),
(80,27,'Ninguno.',0),
(81,28,'Bajar la velocidad.',1),
(82,28,'Mantener la misma velocidad.',0),
(83,28,'Aumentar la velocidad.',0),
(84,29,'40 Kilómetros por hora.',0),
(85,29,'60 Kilómetros por hora.',1),
(86,29,'20 Kilómetros por hora.',0),
(87,30,'20 kilómetros por hora.',1),
(88,30,'30 Kilómetros por hora.',0),
(89,30,'Variable dependiendo las indicaciones del agente de tránsito.',0),
(90,31,'No.',0),
(91,31,'Si.',0),
(92,31,'Sí, salvo que exista señalamiento que indique lo contrario.',1),
(93,32,'La que resulte necesaria.',0),
(94,32,'10 metros.',1),
(95,32,'Una cuarta parte de la longitud de la calle.',0),
(96,33,'20 centímetros.',1),
(97,33,'La que permita la maniobra de estacionamiento.',0),
(98,33,'Una distancia prudente.',0),
(99,34,'Con freno de mano y las llantas en sentido inverso a la acera.',0),
(100,34,'Con freno de mano y las ruedas delanteras dirigidas hacia la acera.',1),
(101,34,'Con freno de mano y las llantas en dirección al sentido de la circulación de la calle.',0),
(102,35,'Con freno de mano y las ruedas delanteras en posición inversa a la acera.',1),
(103,35,'Con freno de mano y las llantas en el mismo sentido de la acera.',0),
(104,35,'Con freno de mano y las llantas en dirección al sentido de la circulación de la calle.',0),
(105,36,'En las aceras, camellones, puentes y en la entrada de vehículos de casas particulares.',1),
(106,36,'En estacionamientos.',0),
(107,36,'En zonas de parquímetros.',0),
(108,37,'El conductor.',0),
(109,37,'Todos los que viajen en el auto.',1),
(110,37,'Conductor y acompañante de asiento delantero.',0),
(111,38,'Peatones.',1),
(112,38,'Vehículos.',0),
(113,38,'Grúas.',0),
(114,39,'Prohibido girar a la izquierda.',0),
(115,39,'Prohibido dar vuelta en “U”.',1),
(116,39,'Obras en proceso de construcción.',0),
(117,40,'Prohibido girar a la izquierda.',1),
(118,40,'Prohibido dar vuelta en “U”.',0),
(119,40,'Glorieta con retorno.',0),
(120,41,'Seguir de frente.',0),
(121,41,'Sin estacionamiento.',0),
(122,41,'Prohibido doblar a la izquierda.',1),
(123,42,'No hay extinguidor.',0),
(124,42,'Sin lugares, pase al siguiente estacionamiento.',0),
(125,42,'Prohibido estacionarse.',1),
(126,43,'No hay extinguidor.',0),
(127,43,'Sin lugares, pase al siguiente estacionamiento.',0),
(128,43,'Prohibido avanzar.',1),
(129,44,'Cuándo esté lloviendo.',0),
(130,44,'Cuando un tren en marcha se encuentre aproximadamente a doscientos metros del cruce o emita una señal audible.',1),
(131,44,'En días inhábiles.',0),
(132,45,'Solicitar la corrección en la Secretaría de Comunicaciones y Transportes.',0),
(133,45,'Entregar la tarjeta al oficial y recibir la infracción.',0),
(134,45,'El vehículo será remitido al corralón autorizado y lo pondrá a disposición de la autoridad competente.',1),
(135,46,'Dependiendo la cantidad de tráfico vehicular.',0),
(136,46,'La pavimentada. ',1),
(137,46,'La de terracería.',0),
(138,47,'Educación.',0),
(139,47,'Es una obligación señalada en el artículo 132 del Reglamento de la Ley de Comunicaciones y Transportes en Materia de Transporte Público y Privado.',1),
(140,47,'De caballerosidad para ceder el paso a las mujeres.',0),
(141,48,'Transitar en el lado opuesto de la circulación',0),
(142,48,'Circular por la extrema derecha de la vía respetando la formación de vehículos en tránsito sin colocarse entre dos de ellos.',1),
(143,48,'Utilizar ambos carriles y circular de forma paralela con los vehículos.',0),
(144,49,'Peatones.',1),
(145,49,'Personas de la tercera edad.',0),
(146,49,'Vehículos particulares.',0),
(147,50,'Cierto.',1),
(148,50,'Falso.',0),
(149,50,'Solo en escuelas de nivel pre escolar y básico.',0);
/*!40000 ALTER TABLE `respuestas` ENABLE KEYS */;
UNLOCK TABLES;

--
-- Table structure for table `usuario`
--

DROP TABLE IF EXISTS `usuario`;
/*!40101 SET @saved_cs_client     = @@character_set_client */;
/*!40101 SET character_set_client = utf8mb4 */;
CREATE TABLE `usuario` (
  `id_usuario` int(11) NOT NULL AUTO_INCREMENT,
  `nombre` varchar(50) DEFAULT NULL,
  `email` varchar(100) DEFAULT NULL,
  `contrasena` varchar(255) DEFAULT NULL,
  `rol` enum('admin','estudiante') NOT NULL,
  PRIMARY KEY (`id_usuario`),
  UNIQUE KEY `email` (`email`)
) ENGINE=InnoDB AUTO_INCREMENT=2 DEFAULT CHARSET=utf8mb4 COLLATE=utf8mb4_unicode_ci;
/*!40101 SET character_set_client = @saved_cs_client */;

--
-- Dumping data for table `usuario`
--

LOCK TABLES `usuario` WRITE;
/*!40000 ALTER TABLE `usuario` DISABLE KEYS */;
INSERT INTO `usuario` VALUES
(1,'cecilio','admin@admin.com','12345','admin');
/*!40000 ALTER TABLE `usuario` ENABLE KEYS */;
UNLOCK TABLES;

--
-- Dumping routines for database 'simulacion'
--
/*!40103 SET TIME_ZONE=@OLD_TIME_ZONE */;

/*!40101 SET SQL_MODE=@OLD_SQL_MODE */;
/*!40014 SET FOREIGN_KEY_CHECKS=@OLD_FOREIGN_KEY_CHECKS */;
/*!40014 SET UNIQUE_CHECKS=@OLD_UNIQUE_CHECKS */;
/*!40101 SET CHARACTER_SET_CLIENT=@OLD_CHARACTER_SET_CLIENT */;
/*!40101 SET CHARACTER_SET_RESULTS=@OLD_CHARACTER_SET_RESULTS */;
/*!40101 SET COLLATION_CONNECTION=@OLD_COLLATION_CONNECTION */;
/*M!100616 SET NOTE_VERBOSITY=@OLD_NOTE_VERBOSITY */;

-- Dump completed on 2025-05-07  4:15:44
